mutids,Kan11_WRT_Bkg
M001A,
I002A,
E003A,
Q004A,
D005A,
G006A,1.93614644703
L007A,2.05671501964
H008A,
A009A,0.0
G010A,
S011A,
P012A,
A013A,
A014A,
W015A,
V016A,
E017A,
R018A,
L019A,
F020A,
G021A,
Y022A,
D023A,
W024A,
A025A,
Q026A,
Q027A,
T028A,
I029A,
G030A,
C031A,
S032A,
D033A,
A034A,0.0
A035A,
V036A,
F037A,
R038A,
L039A,
S040A,
A041A,0.0
Q042A,
G043A,
R044A,
P045A,
V046A,1.26336960521
L047A,
F048A,
V049A,
K050A,
T051A,1.58834148594
D052A,
L053A,
S054A,
G055A,
A056A,0.0
L057A,
N058A,
E059A,
L060A,
Q061A,
D062A,
E063A,
A064A,
A065A,0.0
R066A,
L067A,
S068A,
W069A,
L070A,
A071A,0.0
T072A,
T073A,
G074A,
V075A,
P076A,
C077A,
A078A,
A079A,0.0
V080A,
L081A,
D082A,
V083A,
V084A,
T085A,
E086A,
A087A,0.0
G088A,
R089A,
D090A,
W091A,
L092A,
L093A,
L094A,
G095A,
E096A,
V097A,
P098A,
G099A,
Q100A,
D101A,
L102A,
L103A,
S104A,
S105A,
H106A,
L107A,
A108A,
P109A,
A110A,0.0
E111A,
K112A,
V113A,
S114A,
I115A,
M116A,
A117A,0.0
D118A,
A119A,
M120A,
R121A,
R122A,
L123A,
H124A,
T125A,
L126A,
D127A,
P128A,
A129A,
T130A,
C131A,
P132A,
F133A,
D134A,
H135A,
Q136A,
A137A,
K138A,
H139A,
R140A,
I141A,
E142A,
R143A,
A144A,
R145A,
T146A,2.05549722163
R147A,
M148A,
E149A,
A150A,0.0
G151A,
L152A,
V153A,
D154A,
Q155A,
D156A,
D157A,
L158A,
D159A,
E160A,
E161A,
H162A,
Q163A,
G164A,
L165A,
A166A,
P167A,
A168A,
E169A,
L170A,
F171A,
A172A,
R173A,
L174A,
K175A,
A176A,
R177A,
M178A,
P179A,
D180A,
G181A,
E182A,
D183A,
L184A,
V185A,
V186A,
T187A,
H188A,
G189A,
D190A,
A191A,
C192A,
L193A,
P194A,
N195A,
I196A,
M197A,
V198A,
E199A,
N200A,
G201A,
R202A,
F203A,
S204A,
G205A,
F206A,
I207A,
D208A,
C209A,
G210A,
R211A,
L212A,
G213A,
V214A,
A215A,
D216A,
R217A,
Y218A,
Q219A,
D220A,
I221A,
A222A,
L223A,
A224A,
T225A,
R226A,
D227A,
I228A,
A229A,0.0
E230A,
E231A,
L232A,
G233A,
G234A,
E235A,
W236A,
A237A,0.0
D238A,
R239A,
F240A,
L241A,
V242A,
L243A,
Y244A,
G245A,
I246A,
A247A,0.0
A248A,
P249A,1.71420822821
D250A,
S251A,
Q252A,
R253A,
I254A,
A255A,
F256A,
Y257A,
R258A,
L259A,
L260A,
D261A,
E262A,
F263A,
F264A,
M001C,
I002C,
E003C,
Q004C,
D005C,
G006C,1.41997025787
L007C,2.60967217105
H008C,
A009C,1.46255353485
G010C,
S011C,
P012C,2.23046645481
A013C,
A014C,
W015C,
V016C,
E017C,
R018C,
L019C,0.570854903581
F020C,
G021C,
Y022C,
D023C,
W024C,
A025C,
Q026C,
Q027C,
T028C,
I029C,
G030C,
C031C,
S032C,
D033C,
A034C,
A035C,
V036C,
F037C,
R038C,
L039C,
S040C,
A041C,
Q042C,
G043C,
R044C,
P045C,
V046C,1.44478899671
L047C,0.492128140305
F048C,
V049C,
K050C,
T051C,
D052C,
L053C,
S054C,
G055C,
A056C,
L057C,
N058C,
E059C,
L060C,
Q061C,
D062C,
E063C,
A064C,
A065C,
R066C,
L067C,
S068C,
W069C,
L070C,
A071C,
T072C,
T073C,
G074C,0.82428698745
V075C,
P076C,
C077C,
A078C,
A079C,1.45558409142
V080C,
L081C,
D082C,
V083C,
V084C,
T085C,
E086C,
A087C,
G088C,
R089C,
D090C,
W091C,
L092C,
L093C,
L094C,
G095C,
E096C,
V097C,
P098C,
G099C,-0.414544945761
Q100C,
D101C,
L102C,
L103C,
S104C,
S105C,
H106C,
L107C,
A108C,
P109C,
A110C,
E111C,
K112C,
V113C,
S114C,
I115C,
M116C,
A117C,
D118C,
A119C,
M120C,
R121C,
R122C,
L123C,
H124C,
T125C,
L126C,
D127C,
P128C,
A129C,
T130C,
C131C,
P132C,
F133C,
D134C,
H135C,
Q136C,
A137C,
K138C,
H139C,
R140C,
I141C,
E142C,
R143C,
A144C,
R145C,
T146C,2.45510203281
R147C,
M148C,
E149C,
A150C,
G151C,1.34258388913
L152C,
V153C,
D154C,
Q155C,
D156C,
D157C,
L158C,
D159C,
E160C,
E161C,
H162C,
Q163C,
G164C,
L165C,
A166C,
P167C,
A168C,
E169C,
L170C,
F171C,
A172C,
R173C,
L174C,
K175C,
A176C,
R177C,
M178C,
P179C,
D180C,
G181C,
E182C,
D183C,
L184C,
V185C,
V186C,
T187C,1.75528371909
H188C,
G189C,
D190C,
A191C,
C192C,
L193C,
P194C,
N195C,
I196C,
M197C,
V198C,
E199C,
N200C,
G201C,
R202C,
F203C,
S204C,
G205C,
F206C,
I207C,
D208C,
C209C,
G210C,
R211C,
L212C,
G213C,-0.397217167382
V214C,
A215C,
D216C,
R217C,
Y218C,
Q219C,
D220C,
I221C,
A222C,
L223C,
A224C,
T225C,
R226C,
D227C,
I228C,
A229C,
E230C,
E231C,
L232C,
G233C,
G234C,
E235C,
W236C,
A237C,
D238C,
R239C,
F240C,
L241C,
V242C,
L243C,
Y244C,
G245C,
I246C,
A247C,1.73036101319
A248C,
P249C,
D250C,
S251C,
Q252C,
R253C,
I254C,
A255C,
F256C,
Y257C,
R258C,
L259C,
L260C,
D261C,
E262C,
F263C,
F264C,
M001D,
I002D,
E003D,
Q004D,
D005D,
G006D,1.73368996514
L007D,
H008D,
A009D,
G010D,
S011D,
P012D,
A013D,
A014D,
W015D,
V016D,
E017D,
R018D,
L019D,
F020D,
G021D,
Y022D,
D023D,
W024D,
A025D,
Q026D,
Q027D,
T028D,
I029D,
G030D,
C031D,
S032D,
D033D,
A034D,
A035D,
V036D,
F037D,
R038D,
L039D,
S040D,
A041D,
Q042D,
G043D,
R044D,
P045D,
V046D,
L047D,
F048D,
V049D,
K050D,
T051D,
D052D,
L053D,
S054D,
G055D,
A056D,1.26450020028
L057D,
N058D,
E059D,
L060D,
Q061D,
D062D,
E063D,
A064D,
A065D,1.90625019158
R066D,
L067D,
S068D,
W069D,
L070D,
A071D,
T072D,
T073D,
G074D,1.58623390315
V075D,
P076D,
C077D,
A078D,
A079D,1.88026150602
V080D,
L081D,
D082D,
V083D,
V084D,
T085D,
E086D,
A087D,
G088D,
R089D,
D090D,
W091D,
L092D,
L093D,
L094D,
G095D,
E096D,
V097D,
P098D,
G099D,
Q100D,
D101D,
L102D,
L103D,
S104D,
S105D,
H106D,
L107D,
A108D,
P109D,
A110D,
E111D,
K112D,
V113D,
S114D,
I115D,
M116D,
A117D,
D118D,
A119D,
M120D,
R121D,
R122D,
L123D,
H124D,
T125D,2.39143657958
L126D,
D127D,
P128D,
A129D,
T130D,
C131D,
P132D,
F133D,
D134D,
H135D,
Q136D,
A137D,
K138D,
H139D,
R140D,
I141D,
E142D,
R143D,
A144D,
R145D,
T146D,
R147D,
M148D,
E149D,
A150D,
G151D,2.57368157089
L152D,
V153D,
D154D,
Q155D,
D156D,
D157D,
L158D,
D159D,
E160D,
E161D,
H162D,
Q163D,
G164D,
L165D,
A166D,
P167D,
A168D,
E169D,
L170D,
F171D,
A172D,
R173D,
L174D,
K175D,
A176D,
R177D,
M178D,
P179D,
D180D,
G181D,
E182D,
D183D,
L184D,
V185D,
V186D,
T187D,
H188D,
G189D,
D190D,
A191D,
C192D,
L193D,
P194D,
N195D,
I196D,
M197D,
V198D,
E199D,
N200D,
G201D,
R202D,
F203D,
S204D,
G205D,
F206D,
I207D,
D208D,
C209D,
G210D,
R211D,
L212D,
G213D,
V214D,
A215D,
D216D,
R217D,
Y218D,
Q219D,
D220D,
I221D,
A222D,
L223D,
A224D,
T225D,
R226D,
D227D,
I228D,
A229D,
E230D,
E231D,
L232D,
G233D,
G234D,
E235D,
W236D,
A237D,
D238D,
R239D,
F240D,
L241D,
V242D,
L243D,
Y244D,
G245D,
I246D,
A247D,2.10987426227
A248D,
P249D,
D250D,
S251D,
Q252D,
R253D,
I254D,
A255D,
F256D,
Y257D,
R258D,
L259D,
L260D,
D261D,
E262D,
F263D,
F264D,
M001E,
I002E,
E003E,
Q004E,
D005E,
G006E,2.88349179489
L007E,
H008E,
A009E,0.849366720991
G010E,
S011E,
P012E,
A013E,
A014E,
W015E,
V016E,
E017E,
R018E,
L019E,
F020E,
G021E,
Y022E,
D023E,
W024E,
A025E,
Q026E,
Q027E,
T028E,
I029E,
G030E,
C031E,
S032E,
D033E,
A034E,
A035E,
V036E,
F037E,
R038E,
L039E,
S040E,
A041E,0.469934434281
Q042E,
G043E,
R044E,
P045E,
V046E,
L047E,
F048E,
V049E,
K050E,
T051E,
D052E,
L053E,
S054E,
G055E,
A056E,0.858658985207
L057E,
N058E,
E059E,
L060E,
Q061E,
D062E,
E063E,
A064E,
A065E,0.717662578171
R066E,
L067E,
S068E,
W069E,
L070E,
A071E,0.226324100101
T072E,
T073E,
G074E,1.54656163152
V075E,
P076E,
C077E,
A078E,
A079E,1.25809306806
V080E,
L081E,
D082E,
V083E,
V084E,
T085E,
E086E,
A087E,
G088E,
R089E,
D090E,
W091E,
L092E,
L093E,
L094E,
G095E,
E096E,
V097E,
P098E,
G099E,
Q100E,
D101E,
L102E,
L103E,
S104E,
S105E,
H106E,
L107E,
A108E,
P109E,
A110E,1.15788315107
E111E,
K112E,
V113E,
S114E,
I115E,
M116E,
A117E,
D118E,
A119E,
M120E,
R121E,
R122E,
L123E,
H124E,
T125E,
L126E,
D127E,
P128E,
A129E,
T130E,
C131E,
P132E,
F133E,
D134E,
H135E,
Q136E,
A137E,
K138E,
H139E,
R140E,
I141E,
E142E,
R143E,
A144E,
R145E,
T146E,2.17546779596
R147E,
M148E,
E149E,
A150E,0.920952238132
G151E,
L152E,
V153E,
D154E,
Q155E,
D156E,
D157E,
L158E,
D159E,
E160E,
E161E,
H162E,
Q163E,
G164E,
L165E,
A166E,
P167E,
A168E,
E169E,
L170E,
F171E,
A172E,
R173E,
L174E,
K175E,
A176E,
R177E,
M178E,
P179E,
D180E,
G181E,
E182E,
D183E,
L184E,
V185E,
V186E,
T187E,
H188E,
G189E,
D190E,
A191E,
C192E,
L193E,
P194E,
N195E,
I196E,
M197E,
V198E,
E199E,
N200E,
G201E,
R202E,
F203E,
S204E,
G205E,
F206E,
I207E,
D208E,
C209E,
G210E,
R211E,
L212E,
G213E,
V214E,
A215E,
D216E,
R217E,
Y218E,
Q219E,
D220E,
I221E,
A222E,
L223E,
A224E,
T225E,
R226E,
D227E,
I228E,
A229E,1.13503770192
E230E,
E231E,
L232E,
G233E,
G234E,
E235E,
W236E,
A237E,
D238E,
R239E,
F240E,
L241E,
V242E,
L243E,
Y244E,
G245E,
I246E,
A247E,0.621666337566
A248E,
P249E,
D250E,
S251E,
Q252E,
R253E,
I254E,
A255E,
F256E,
Y257E,
R258E,
L259E,
L260E,
D261E,
E262E,
F263E,
F264E,
M001F,
I002F,
E003F,
Q004F,
D005F,
G006F,
L007F,
H008F,
A009F,
G010F,
S011F,
P012F,
A013F,
A014F,
W015F,
V016F,
E017F,
R018F,
L019F,1.16867070124
F020F,
G021F,
Y022F,
D023F,
W024F,
A025F,
Q026F,
Q027F,
T028F,
I029F,
G030F,
C031F,
S032F,
D033F,
A034F,
A035F,
V036F,
F037F,
R038F,
L039F,
S040F,
A041F,
Q042F,
G043F,
R044F,
P045F,
V046F,0.601574692466
L047F,
F048F,
V049F,
K050F,
T051F,
D052F,
L053F,
S054F,
G055F,
A056F,
L057F,
N058F,
E059F,
L060F,
Q061F,
D062F,
E063F,
A064F,
A065F,
R066F,
L067F,
S068F,
W069F,
L070F,
A071F,
T072F,
T073F,
G074F,
V075F,
P076F,
C077F,
A078F,
A079F,
V080F,
L081F,
D082F,
V083F,
V084F,
T085F,
E086F,
A087F,1.92512829575
G088F,
R089F,
D090F,
W091F,
L092F,
L093F,
L094F,
G095F,
E096F,
V097F,
P098F,
G099F,
Q100F,
D101F,
L102F,
L103F,
S104F,
S105F,
H106F,
L107F,
A108F,
P109F,
A110F,
E111F,
K112F,
V113F,
S114F,
I115F,
M116F,
A117F,
D118F,
A119F,
M120F,
R121F,
R122F,
L123F,
H124F,
T125F,
L126F,
D127F,
P128F,
A129F,
T130F,
C131F,
P132F,
F133F,
D134F,
H135F,
Q136F,
A137F,
K138F,
H139F,
R140F,
I141F,
E142F,
R143F,
A144F,
R145F,
T146F,
R147F,
M148F,
E149F,
A150F,1.60327577002
G151F,
L152F,
V153F,
D154F,
Q155F,
D156F,
D157F,
L158F,2.05783825034
D159F,
E160F,
E161F,
H162F,
Q163F,
G164F,
L165F,
A166F,
P167F,
A168F,
E169F,
L170F,
F171F,
A172F,
R173F,
L174F,
K175F,
A176F,
R177F,
M178F,
P179F,
D180F,
G181F,
E182F,
D183F,
L184F,
V185F,
V186F,
T187F,
H188F,
G189F,
D190F,
A191F,
C192F,
L193F,
P194F,
N195F,
I196F,
M197F,
V198F,
E199F,
N200F,
G201F,
R202F,
F203F,
S204F,
G205F,
F206F,
I207F,
D208F,
C209F,
G210F,
R211F,
L212F,
G213F,
V214F,
A215F,
D216F,
R217F,
Y218F,
Q219F,
D220F,
I221F,
A222F,
L223F,
A224F,
T225F,
R226F,
D227F,
I228F,
A229F,
E230F,
E231F,
L232F,
G233F,
G234F,
E235F,
W236F,
A237F,
D238F,
R239F,
F240F,
L241F,
V242F,
L243F,
Y244F,
G245F,
I246F,
A247F,
A248F,
P249F,
D250F,
S251F,
Q252F,
R253F,
I254F,
A255F,
F256F,
Y257F,
R258F,
L259F,
L260F,
D261F,
E262F,
F263F,
F264F,
M001G,
I002G,
E003G,
Q004G,
D005G,
G006G,0.0
L007G,
H008G,
A009G,
G010G,
S011G,
P012G,
A013G,
A014G,
W015G,
V016G,
E017G,
R018G,
L019G,
F020G,
G021G,
Y022G,
D023G,
W024G,
A025G,
Q026G,
Q027G,
T028G,
I029G,
G030G,
C031G,
S032G,
D033G,
A034G,
A035G,
V036G,
F037G,
R038G,
L039G,2.26764686779
S040G,
A041G,
Q042G,
G043G,
R044G,
P045G,
V046G,0.822463655383
L047G,
F048G,
V049G,
K050G,
T051G,
D052G,
L053G,
S054G,
G055G,
A056G,
L057G,
N058G,
E059G,
L060G,
Q061G,
D062G,
E063G,
A064G,
A065G,
R066G,
L067G,
S068G,
W069G,
L070G,
A071G,1.31944348574
T072G,
T073G,
G074G,0.0
V075G,
P076G,
C077G,
A078G,
A079G,1.67681058781
V080G,
L081G,
D082G,
V083G,
V084G,
T085G,
E086G,
A087G,
G088G,0.0
R089G,
D090G,
W091G,
L092G,
L093G,
L094G,
G095G,
E096G,
V097G,
P098G,
G099G,0.0
Q100G,
D101G,
L102G,
L103G,
S104G,
S105G,
H106G,
L107G,
A108G,
P109G,
A110G,
E111G,
K112G,
V113G,
S114G,
I115G,
M116G,
A117G,
D118G,
A119G,
M120G,
R121G,
R122G,
L123G,
H124G,
T125G,
L126G,
D127G,
P128G,
A129G,
T130G,
C131G,
P132G,
F133G,
D134G,
H135G,
Q136G,
A137G,
K138G,
H139G,
R140G,
I141G,
E142G,
R143G,
A144G,
R145G,
T146G,
R147G,
M148G,
E149G,
A150G,
G151G,0.0
L152G,
V153G,
D154G,
Q155G,
D156G,
D157G,
L158G,
D159G,
E160G,
E161G,
H162G,
Q163G,
G164G,
L165G,
A166G,
P167G,
A168G,
E169G,
L170G,
F171G,
A172G,
R173G,
L174G,
K175G,
A176G,
R177G,
M178G,
P179G,
D180G,
G181G,
E182G,
D183G,
L184G,
V185G,
V186G,
T187G,
H188G,
G189G,
D190G,
A191G,
C192G,
L193G,
P194G,
N195G,
I196G,
M197G,
V198G,
E199G,
N200G,
G201G,0.0
R202G,
F203G,
S204G,
G205G,
F206G,
I207G,
D208G,
C209G,
G210G,
R211G,
L212G,
G213G,0.0
V214G,
A215G,
D216G,
R217G,
Y218G,
Q219G,
D220G,
I221G,
A222G,
L223G,
A224G,
T225G,
R226G,
D227G,
I228G,
A229G,
E230G,
E231G,
L232G,
G233G,0.0
G234G,
E235G,
W236G,
A237G,
D238G,
R239G,
F240G,
L241G,
V242G,
L243G,
Y244G,
G245G,
I246G,
A247G,2.03163508561
A248G,
P249G,
D250G,
S251G,
Q252G,
R253G,
I254G,
A255G,
F256G,
Y257G,
R258G,
L259G,
L260G,
D261G,
E262G,
F263G,
F264G,
M001H,
I002H,
E003H,
Q004H,
D005H,
G006H,
L007H,
H008H,
A009H,
G010H,
S011H,
P012H,
A013H,
A014H,
W015H,
V016H,
E017H,
R018H,
L019H,
F020H,
G021H,
Y022H,
D023H,
W024H,
A025H,
Q026H,
Q027H,
T028H,2.69496538054
I029H,
G030H,
C031H,
S032H,
D033H,
A034H,
A035H,
V036H,
F037H,
R038H,
L039H,
S040H,
A041H,1.96438308924
Q042H,
G043H,
R044H,
P045H,
V046H,1.53559468374
L047H,1.78763682791
F048H,
V049H,
K050H,
T051H,
D052H,
L053H,
S054H,
G055H,
A056H,
L057H,
N058H,
E059H,
L060H,
Q061H,
D062H,
E063H,
A064H,
A065H,
R066H,
L067H,
S068H,
W069H,
L070H,
A071H,
T072H,
T073H,
G074H,1.46837111719
V075H,
P076H,
C077H,
A078H,
A079H,2.0056808954
V080H,
L081H,
D082H,
V083H,
V084H,
T085H,
E086H,
A087H,
G088H,
R089H,
D090H,
W091H,
L092H,
L093H,
L094H,
G095H,
E096H,
V097H,
P098H,
G099H,
Q100H,
D101H,
L102H,
L103H,1.87751068893
S104H,
S105H,
H106H,
L107H,
A108H,
P109H,
A110H,2.3475486188
E111H,
K112H,
V113H,
S114H,
I115H,
M116H,
A117H,
D118H,
A119H,
M120H,
R121H,
R122H,
L123H,
H124H,
T125H,
L126H,
D127H,
P128H,
A129H,
T130H,
C131H,
P132H,
F133H,
D134H,
H135H,
Q136H,
A137H,
K138H,
H139H,
R140H,
I141H,
E142H,
R143H,
A144H,
R145H,
T146H,
R147H,
M148H,
E149H,
A150H,2.15584675993
G151H,
L152H,
V153H,
D154H,
Q155H,
D156H,
D157H,
L158H,
D159H,
E160H,
E161H,
H162H,
Q163H,
G164H,
L165H,
A166H,
P167H,
A168H,
E169H,
L170H,
F171H,
A172H,
R173H,
L174H,
K175H,
A176H,
R177H,
M178H,
P179H,
D180H,
G181H,
E182H,
D183H,
L184H,
V185H,
V186H,
T187H,
H188H,
G189H,
D190H,
A191H,
C192H,
L193H,
P194H,
N195H,
I196H,
M197H,
V198H,
E199H,
N200H,
G201H,
R202H,
F203H,
S204H,
G205H,
F206H,
I207H,
D208H,
C209H,
G210H,
R211H,
L212H,
G213H,
V214H,
A215H,
D216H,
R217H,
Y218H,
Q219H,
D220H,
I221H,
A222H,
L223H,
A224H,
T225H,
R226H,
D227H,
I228H,
A229H,
E230H,
E231H,
L232H,
G233H,
G234H,
E235H,
W236H,
A237H,
D238H,
R239H,
F240H,
L241H,
V242H,
L243H,
Y244H,
G245H,
I246H,
A247H,
A248H,
P249H,
D250H,
S251H,
Q252H,
R253H,
I254H,
A255H,
F256H,
Y257H,
R258H,
L259H,
L260H,
D261H,
E262H,
F263H,
F264H,
M001I,
I002I,
E003I,
Q004I,
D005I,
G006I,3.09276473925
L007I,
H008I,
A009I,2.29229112369
G010I,
S011I,
P012I,
A013I,
A014I,
W015I,
V016I,
E017I,
R018I,
L019I,
F020I,
G021I,
Y022I,
D023I,
W024I,
A025I,
Q026I,
Q027I,
T028I,
I029I,
G030I,
C031I,
S032I,
D033I,
A034I,
A035I,
V036I,
F037I,
R038I,
L039I,
S040I,
A041I,
Q042I,
G043I,
R044I,
P045I,
V046I,
L047I,
F048I,
V049I,
K050I,
T051I,
D052I,
L053I,
S054I,
G055I,
A056I,
L057I,
N058I,
E059I,
L060I,
Q061I,
D062I,
E063I,
A064I,
A065I,
R066I,
L067I,
S068I,
W069I,
L070I,
A071I,
T072I,
T073I,
G074I,
V075I,
P076I,
C077I,
A078I,
A079I,
V080I,
L081I,1.34439643953
D082I,
V083I,
V084I,
T085I,
E086I,
A087I,
G088I,
R089I,
D090I,
W091I,
L092I,
L093I,
L094I,
G095I,
E096I,
V097I,
P098I,
G099I,
Q100I,
D101I,
L102I,
L103I,
S104I,
S105I,
H106I,
L107I,
A108I,
P109I,
A110I,
E111I,
K112I,
V113I,
S114I,
I115I,
M116I,
A117I,
D118I,
A119I,
M120I,
R121I,
R122I,
L123I,
H124I,
T125I,
L126I,
D127I,
P128I,
A129I,
T130I,
C131I,
P132I,
F133I,
D134I,
H135I,
Q136I,
A137I,
K138I,
H139I,
R140I,
I141I,
E142I,
R143I,
A144I,
R145I,
T146I,2.56954362384
R147I,
M148I,
E149I,
A150I,
G151I,
L152I,
V153I,
D154I,
Q155I,
D156I,
D157I,
L158I,
D159I,
E160I,
E161I,
H162I,
Q163I,
G164I,
L165I,
A166I,
P167I,
A168I,
E169I,
L170I,
F171I,
A172I,
R173I,
L174I,
K175I,
A176I,
R177I,
M178I,
P179I,1.71946380095
D180I,
G181I,
E182I,
D183I,
L184I,
V185I,
V186I,1.23018246915
T187I,
H188I,
G189I,
D190I,
A191I,
C192I,
L193I,
P194I,
N195I,
I196I,
M197I,
V198I,
E199I,
N200I,
G201I,
R202I,
F203I,
S204I,
G205I,
F206I,
I207I,
D208I,
C209I,
G210I,
R211I,
L212I,
G213I,
V214I,
A215I,
D216I,
R217I,
Y218I,
Q219I,
D220I,
I221I,
A222I,
L223I,
A224I,
T225I,
R226I,
D227I,
I228I,
A229I,
E230I,
E231I,
L232I,
G233I,
G234I,
E235I,
W236I,
A237I,
D238I,
R239I,
F240I,
L241I,
V242I,
L243I,
Y244I,
G245I,
I246I,
A247I,
A248I,
P249I,1.69015355227
D250I,
S251I,
Q252I,
R253I,
I254I,
A255I,
F256I,
Y257I,
R258I,
L259I,
L260I,
D261I,
E262I,
F263I,
F264I,
M001K,
I002K,
E003K,
Q004K,
D005K,
G006K,2.30348345966
L007K,2.08406821914
H008K,
A009K,
G010K,
S011K,
P012K,
A013K,
A014K,
W015K,
V016K,
E017K,
R018K,
L019K,
F020K,
G021K,
Y022K,
D023K,
W024K,
A025K,
Q026K,
Q027K,
T028K,
I029K,
G030K,
C031K,
S032K,
D033K,
A034K,
A035K,
V036K,
F037K,
R038K,2.14353145436
L039K,
S040K,
A041K,
Q042K,
G043K,
R044K,
P045K,
V046K,
L047K,1.15514698863
F048K,
V049K,
K050K,
T051K,
D052K,
L053K,
S054K,
G055K,
A056K,
L057K,
N058K,
E059K,
L060K,
Q061K,
D062K,
E063K,
A064K,
A065K,1.76788547698
R066K,
L067K,
S068K,
W069K,
L070K,
A071K,
T072K,
T073K,
G074K,1.57342404892
V075K,
P076K,
C077K,
A078K,
A079K,2.29375127962
V080K,
L081K,1.70009625738
D082K,
V083K,
V084K,
T085K,
E086K,
A087K,2.48032053179
G088K,
R089K,
D090K,
W091K,
L092K,
L093K,
L094K,
G095K,
E096K,
V097K,
P098K,
G099K,
Q100K,
D101K,
L102K,
L103K,1.44833070794
S104K,
S105K,
H106K,
L107K,
A108K,
P109K,
A110K,
E111K,
K112K,
V113K,
S114K,
I115K,
M116K,
A117K,
D118K,
A119K,
M120K,
R121K,
R122K,
L123K,
H124K,
T125K,
L126K,
D127K,
P128K,
A129K,
T130K,
C131K,
P132K,
F133K,
D134K,
H135K,
Q136K,
A137K,
K138K,
H139K,
R140K,
I141K,
E142K,
R143K,
A144K,
R145K,
T146K,2.08773489045
R147K,
M148K,
E149K,
A150K,1.80665161116
G151K,1.29251818434
L152K,1.75631826423
V153K,
D154K,
Q155K,
D156K,
D157K,
L158K,
D159K,
E160K,
E161K,
H162K,
Q163K,
G164K,
L165K,
A166K,
P167K,
A168K,
E169K,
L170K,
F171K,
A172K,
R173K,
L174K,
K175K,
A176K,
R177K,
M178K,
P179K,
D180K,
G181K,
E182K,
D183K,
L184K,
V185K,
V186K,
T187K,
H188K,
G189K,
D190K,
A191K,
C192K,
L193K,
P194K,
N195K,
I196K,
M197K,
V198K,
E199K,
N200K,
G201K,
R202K,
F203K,
S204K,
G205K,
F206K,
I207K,
D208K,
C209K,
G210K,
R211K,
L212K,
G213K,
V214K,
A215K,
D216K,
R217K,
Y218K,
Q219K,
D220K,
I221K,
A222K,
L223K,
A224K,
T225K,
R226K,
D227K,
I228K,
A229K,
E230K,
E231K,
L232K,
G233K,
G234K,
E235K,
W236K,
A237K,
D238K,
R239K,
F240K,
L241K,
V242K,
L243K,
Y244K,
G245K,
I246K,
A247K,2.39533786659
A248K,
P249K,1.9287600338
D250K,
S251K,
Q252K,
R253K,
I254K,
A255K,
F256K,
Y257K,
R258K,
L259K,
L260K,
D261K,
E262K,
F263K,
F264K,
M001L,
I002L,
E003L,
Q004L,
D005L,
G006L,2.43001500574
L007L,0.0
H008L,
A009L,
G010L,
S011L,
P012L,
A013L,
A014L,
W015L,
V016L,
E017L,
R018L,
L019L,0.0
F020L,
G021L,
Y022L,
D023L,
W024L,
A025L,
Q026L,
Q027L,
T028L,
I029L,
G030L,
C031L,
S032L,
D033L,
A034L,
A035L,
V036L,
F037L,
R038L,
L039L,0.0
S040L,
A041L,
Q042L,
G043L,
R044L,
P045L,
V046L,
L047L,0.0
F048L,
V049L,
K050L,
T051L,
D052L,
L053L,
S054L,
G055L,
A056L,
L057L,0.0
N058L,
E059L,
L060L,
Q061L,
D062L,
E063L,
A064L,
A065L,
R066L,
L067L,0.0
S068L,
W069L,
L070L,
A071L,
T072L,
T073L,
G074L,
V075L,
P076L,
C077L,
A078L,
A079L,
V080L,
L081L,0.0
D082L,
V083L,
V084L,
T085L,
E086L,
A087L,
G088L,
R089L,
D090L,
W091L,
L092L,0.0
L093L,0.0
L094L,0.0
G095L,
E096L,
V097L,
P098L,
G099L,
Q100L,
D101L,
L102L,0.0
L103L,0.0
S104L,
S105L,
H106L,
L107L,0.0
A108L,
P109L,
A110L,2.06980701857
E111L,
K112L,
V113L,
S114L,
I115L,
M116L,
A117L,
D118L,
A119L,
M120L,
R121L,
R122L,
L123L,
H124L,
T125L,
L126L,0.0
D127L,
P128L,
A129L,
T130L,
C131L,
P132L,
F133L,
D134L,
H135L,
Q136L,
A137L,
K138L,
H139L,
R140L,
I141L,
E142L,
R143L,
A144L,
R145L,
T146L,2.2740774185
R147L,
M148L,
E149L,
A150L,
G151L,1.76384234372
L152L,0.0
V153L,
D154L,
Q155L,
D156L,
D157L,
L158L,0.0
D159L,
E160L,
E161L,
H162L,
Q163L,
G164L,
L165L,
A166L,
P167L,
A168L,
E169L,
L170L,
F171L,
A172L,
R173L,
L174L,
K175L,
A176L,
R177L,
M178L,
P179L,1.43344550164
D180L,
G181L,
E182L,
D183L,
L184L,0.0
V185L,
V186L,
T187L,
H188L,
G189L,
D190L,
A191L,
C192L,
L193L,
P194L,
N195L,
I196L,
M197L,
V198L,
E199L,
N200L,
G201L,
R202L,
F203L,
S204L,
G205L,
F206L,
I207L,
D208L,
C209L,
G210L,
R211L,
L212L,0.0
G213L,
V214L,
A215L,
D216L,
R217L,
Y218L,
Q219L,
D220L,
I221L,
A222L,
L223L,
A224L,
T225L,
R226L,
D227L,
I228L,
A229L,
E230L,
E231L,
L232L,
G233L,
G234L,
E235L,
W236L,
A237L,
D238L,
R239L,
F240L,
L241L,0.0
V242L,
L243L,
Y244L,
G245L,
I246L,
A247L,
A248L,
P249L,1.22840151584
D250L,
S251L,
Q252L,
R253L,
I254L,
A255L,
F256L,
Y257L,
R258L,
L259L,
L260L,
D261L,
E262L,
F263L,
F264L,
M001M,
I002M,
E003M,
Q004M,
D005M,
G006M,2.34658620891
L007M,0.242111372049
H008M,
A009M,
G010M,
S011M,
P012M,
A013M,
A014M,
W015M,
V016M,
E017M,
R018M,
L019M,-0.944024805752
F020M,
G021M,
Y022M,
D023M,
W024M,
A025M,
Q026M,
Q027M,
T028M,2.16492498489
I029M,
G030M,
C031M,
S032M,
D033M,
A034M,
A035M,
V036M,
F037M,
R038M,
L039M,
S040M,
A041M,1.78339546063
Q042M,
G043M,
R044M,
P045M,
V046M,
L047M,0.552370150319
F048M,
V049M,
K050M,
T051M,
D052M,
L053M,
S054M,
G055M,
A056M,1.26174201286
L057M,
N058M,
E059M,
L060M,
Q061M,
D062M,
E063M,
A064M,
A065M,
R066M,
L067M,0.602253294531
S068M,
W069M,
L070M,
A071M,
T072M,
T073M,
G074M,
V075M,
P076M,
C077M,
A078M,
A079M,1.44928574513
V080M,
L081M,0.840583045812
D082M,
V083M,
V084M,
T085M,
E086M,
A087M,
G088M,
R089M,
D090M,
W091M,
L092M,0.919199604086
L093M,
L094M,0.660498352372
G095M,
E096M,
V097M,
P098M,
G099M,
Q100M,
D101M,
L102M,
L103M,0.691523097662
S104M,
S105M,
H106M,
L107M,
A108M,
P109M,
A110M,
E111M,
K112M,
V113M,
S114M,
I115M,
M116M,
A117M,
D118M,
A119M,
M120M,
R121M,
R122M,
L123M,
H124M,
T125M,
L126M,0.142830628934
D127M,
P128M,
A129M,
T130M,
C131M,
P132M,
F133M,
D134M,
H135M,
Q136M,
A137M,
K138M,
H139M,
R140M,
I141M,
E142M,
R143M,
A144M,
R145M,
T146M,2.79871874099
R147M,
M148M,
E149M,
A150M,
G151M,2.0372999424
L152M,0.800802142095
V153M,
D154M,
Q155M,
D156M,
D157M,
L158M,
D159M,
E160M,
E161M,
H162M,
Q163M,
G164M,
L165M,
A166M,
P167M,
A168M,
E169M,
L170M,
F171M,
A172M,
R173M,
L174M,
K175M,
A176M,
R177M,
M178M,
P179M,1.57720668505
D180M,
G181M,
E182M,
D183M,
L184M,
V185M,
V186M,
T187M,
H188M,
G189M,
D190M,
A191M,
C192M,
L193M,
P194M,
N195M,
I196M,
M197M,
V198M,
E199M,
N200M,
G201M,
R202M,
F203M,
S204M,
G205M,
F206M,
I207M,
D208M,
C209M,
G210M,
R211M,
L212M,0.628017096041
G213M,
V214M,
A215M,
D216M,
R217M,
Y218M,
Q219M,
D220M,
I221M,
A222M,
L223M,
A224M,
T225M,
R226M,
D227M,
I228M,
A229M,
E230M,
E231M,
L232M,
G233M,
G234M,
E235M,
W236M,
A237M,
D238M,
R239M,
F240M,
L241M,0.665082436883
V242M,
L243M,
Y244M,
G245M,
I246M,
A247M,
A248M,
P249M,1.69455424103
D250M,
S251M,
Q252M,
R253M,
I254M,
A255M,
F256M,
Y257M,
R258M,
L259M,
L260M,
D261M,
E262M,
F263M,
F264M,
M001N,
I002N,
E003N,
Q004N,
D005N,
G006N,
L007N,
H008N,
A009N,
G010N,
S011N,
P012N,
A013N,
A014N,
W015N,
V016N,
E017N,
R018N,
L019N,
F020N,
G021N,
Y022N,
D023N,
W024N,
A025N,
Q026N,
Q027N,
T028N,
I029N,
G030N,
C031N,
S032N,
D033N,
A034N,
A035N,
V036N,
F037N,
R038N,
L039N,
S040N,
A041N,
Q042N,
G043N,
R044N,
P045N,
V046N,1.78223283161
L047N,
F048N,
V049N,
K050N,
T051N,1.05394709527
D052N,
L053N,
S054N,
G055N,
A056N,
L057N,
N058N,
E059N,
L060N,
Q061N,
D062N,
E063N,
A064N,
A065N,
R066N,
L067N,
S068N,
W069N,
L070N,
A071N,
T072N,
T073N,
G074N,1.73849781559
V075N,
P076N,
C077N,
A078N,
A079N,2.66257632094
V080N,
L081N,
D082N,
V083N,
V084N,
T085N,
E086N,
A087N,
G088N,
R089N,
D090N,
W091N,
L092N,
L093N,
L094N,
G095N,
E096N,
V097N,
P098N,
G099N,
Q100N,
D101N,
L102N,
L103N,
S104N,
S105N,
H106N,
L107N,
A108N,
P109N,
A110N,1.61141451103
E111N,
K112N,
V113N,
S114N,
I115N,
M116N,
A117N,
D118N,
A119N,
M120N,
R121N,
R122N,
L123N,
H124N,
T125N,
L126N,
D127N,
P128N,
A129N,
T130N,
C131N,
P132N,
F133N,
D134N,
H135N,
Q136N,
A137N,
K138N,
H139N,
R140N,
I141N,
E142N,
R143N,
A144N,
R145N,
T146N,
R147N,
M148N,
E149N,
A150N,
G151N,2.7101043588
L152N,
V153N,
D154N,
Q155N,
D156N,
D157N,
L158N,
D159N,
E160N,
E161N,
H162N,
Q163N,
G164N,
L165N,
A166N,
P167N,
A168N,
E169N,
L170N,
F171N,
A172N,
R173N,
L174N,
K175N,
A176N,
R177N,
M178N,
P179N,
D180N,
G181N,
E182N,
D183N,
L184N,
V185N,
V186N,
T187N,
H188N,
G189N,
D190N,
A191N,
C192N,
L193N,
P194N,
N195N,
I196N,
M197N,
V198N,
E199N,
N200N,
G201N,
R202N,
F203N,
S204N,
G205N,
F206N,
I207N,
D208N,
C209N,
G210N,
R211N,
L212N,
G213N,
V214N,
A215N,
D216N,
R217N,
Y218N,
Q219N,
D220N,
I221N,
A222N,
L223N,
A224N,
T225N,
R226N,
D227N,
I228N,
A229N,
E230N,
E231N,
L232N,
G233N,
G234N,
E235N,
W236N,
A237N,
D238N,
R239N,
F240N,
L241N,
V242N,
L243N,
Y244N,
G245N,
I246N,
A247N,2.46142073661
A248N,
P249N,
D250N,
S251N,
Q252N,
R253N,
I254N,
A255N,
F256N,
Y257N,
R258N,
L259N,
L260N,
D261N,
E262N,
F263N,
F264N,
M001P,
I002P,
E003P,
Q004P,
D005P,
G006P,3.48404863396
L007P,1.15080239525
H008P,
A009P,1.80573223424
G010P,
S011P,
P012P,0.0
A013P,
A014P,
W015P,
V016P,
E017P,
R018P,
L019P,
F020P,
G021P,
Y022P,
D023P,
W024P,
A025P,
Q026P,
Q027P,
T028P,
I029P,
G030P,
C031P,
S032P,
D033P,
A034P,
A035P,
V036P,
F037P,
R038P,
L039P,
S040P,
A041P,
Q042P,
G043P,
R044P,
P045P,
V046P,0.974169452412
L047P,
F048P,
V049P,
K050P,
T051P,
D052P,
L053P,
S054P,
G055P,
A056P,
L057P,
N058P,
E059P,
L060P,
Q061P,
D062P,
E063P,
A064P,
A065P,
R066P,
L067P,
S068P,
W069P,
L070P,
A071P,
T072P,
T073P,
G074P,1.85166567294
V075P,
P076P,
C077P,
A078P,
A079P,
V080P,
L081P,
D082P,
V083P,
V084P,
T085P,
E086P,
A087P,
G088P,
R089P,
D090P,
W091P,
L092P,
L093P,
L094P,
G095P,
E096P,
V097P,
P098P,
G099P,
Q100P,
D101P,
L102P,
L103P,
S104P,
S105P,
H106P,
L107P,
A108P,
P109P,0.0
A110P,
E111P,
K112P,
V113P,
S114P,
I115P,
M116P,
A117P,
D118P,
A119P,
M120P,
R121P,
R122P,
L123P,
H124P,
T125P,
L126P,
D127P,
P128P,
A129P,
T130P,
C131P,
P132P,
F133P,
D134P,
H135P,
Q136P,
A137P,
K138P,
H139P,
R140P,
I141P,
E142P,
R143P,
A144P,
R145P,
T146P,
R147P,
M148P,
E149P,
A150P,
G151P,
L152P,
V153P,
D154P,
Q155P,
D156P,
D157P,
L158P,
D159P,
E160P,
E161P,
H162P,
Q163P,
G164P,
L165P,
A166P,
P167P,
A168P,
E169P,
L170P,
F171P,
A172P,
R173P,
L174P,
K175P,
A176P,
R177P,
M178P,
P179P,0.0
D180P,
G181P,
E182P,
D183P,
L184P,
V185P,
V186P,
T187P,
H188P,
G189P,
D190P,
A191P,
C192P,
L193P,
P194P,
N195P,
I196P,
M197P,
V198P,
E199P,
N200P,
G201P,
R202P,
F203P,
S204P,
G205P,
F206P,
I207P,
D208P,
C209P,
G210P,
R211P,
L212P,
G213P,
V214P,
A215P,
D216P,
R217P,
Y218P,
Q219P,
D220P,
I221P,
A222P,
L223P,
A224P,
T225P,
R226P,
D227P,
I228P,
A229P,
E230P,
E231P,
L232P,
G233P,
G234P,
E235P,
W236P,
A237P,
D238P,
R239P,
F240P,
L241P,
V242P,
L243P,
Y244P,
G245P,
I246P,
A247P,
A248P,
P249P,0.0
D250P,
S251P,
Q252P,
R253P,
I254P,
A255P,
F256P,
Y257P,
R258P,
L259P,
L260P,
D261P,
E262P,
F263P,
F264P,
M001Q,
I002Q,
E003Q,
Q004Q,
D005Q,
G006Q,1.9954331105
L007Q,
H008Q,
A009Q,1.73080820111
G010Q,
S011Q,
P012Q,
A013Q,
A014Q,
W015Q,
V016Q,
E017Q,
R018Q,
L019Q,
F020Q,
G021Q,
Y022Q,
D023Q,
W024Q,
A025Q,
Q026Q,
Q027Q,
T028Q,
I029Q,
G030Q,
C031Q,
S032Q,
D033Q,
A034Q,
A035Q,
V036Q,
F037Q,
R038Q,
L039Q,
S040Q,
A041Q,1.69231770104
Q042Q,
G043Q,
R044Q,
P045Q,
V046Q,
L047Q,1.34427581703
F048Q,
V049Q,
K050Q,
T051Q,2.13083384275
D052Q,
L053Q,
S054Q,
G055Q,
A056Q,
L057Q,
N058Q,
E059Q,
L060Q,
Q061Q,
D062Q,
E063Q,
A064Q,
A065Q,
R066Q,
L067Q,
S068Q,
W069Q,
L070Q,
A071Q,1.90897241265
T072Q,
T073Q,
G074Q,2.14483135393
V075Q,
P076Q,
C077Q,
A078Q,
A079Q,1.62110737784
V080Q,
L081Q,
D082Q,
V083Q,
V084Q,
T085Q,
E086Q,
A087Q,
G088Q,
R089Q,
D090Q,
W091Q,
L092Q,
L093Q,
L094Q,
G095Q,
E096Q,
V097Q,
P098Q,
G099Q,
Q100Q,
D101Q,
L102Q,
L103Q,
S104Q,
S105Q,
H106Q,
L107Q,
A108Q,
P109Q,
A110Q,1.64581098091
E111Q,
K112Q,
V113Q,
S114Q,
I115Q,
M116Q,
A117Q,
D118Q,
A119Q,
M120Q,
R121Q,
R122Q,
L123Q,
H124Q,
T125Q,
L126Q,
D127Q,
P128Q,
A129Q,
T130Q,
C131Q,
P132Q,
F133Q,
D134Q,
H135Q,
Q136Q,
A137Q,
K138Q,
H139Q,
R140Q,
I141Q,
E142Q,
R143Q,
A144Q,
R145Q,
T146Q,2.44374309953
R147Q,
M148Q,
E149Q,
A150Q,
G151Q,
L152Q,
V153Q,
D154Q,
Q155Q,
D156Q,
D157Q,
L158Q,
D159Q,
E160Q,
E161Q,
H162Q,
Q163Q,
G164Q,
L165Q,
A166Q,
P167Q,
A168Q,
E169Q,
L170Q,
F171Q,
A172Q,
R173Q,
L174Q,
K175Q,
A176Q,
R177Q,
M178Q,
P179Q,0.478551648814
D180Q,
G181Q,
E182Q,
D183Q,
L184Q,
V185Q,
V186Q,
T187Q,
H188Q,
G189Q,
D190Q,
A191Q,
C192Q,
L193Q,
P194Q,
N195Q,
I196Q,
M197Q,
V198Q,
E199Q,
N200Q,
G201Q,
R202Q,
F203Q,
S204Q,
G205Q,
F206Q,
I207Q,
D208Q,
C209Q,
G210Q,
R211Q,
L212Q,
G213Q,
V214Q,
A215Q,
D216Q,
R217Q,
Y218Q,
Q219Q,
D220Q,
I221Q,
A222Q,
L223Q,
A224Q,
T225Q,
R226Q,
D227Q,
I228Q,
A229Q,
E230Q,
E231Q,
L232Q,
G233Q,
G234Q,
E235Q,
W236Q,
A237Q,
D238Q,
R239Q,
F240Q,
L241Q,
V242Q,
L243Q,
Y244Q,
G245Q,
I246Q,
A247Q,2.47005024297
A248Q,
P249Q,0.636386067485
D250Q,
S251Q,
Q252Q,
R253Q,
I254Q,
A255Q,
F256Q,
Y257Q,
R258Q,
L259Q,
L260Q,
D261Q,
E262Q,
F263Q,
F264Q,
M001R,
I002R,
E003R,
Q004R,
D005R,
G006R,1.82165521178
L007R,
H008R,
A009R,
G010R,
S011R,
P012R,
A013R,
A014R,
W015R,
V016R,
E017R,
R018R,
L019R,
F020R,
G021R,
Y022R,
D023R,
W024R,
A025R,
Q026R,
Q027R,
T028R,
I029R,
G030R,
C031R,
S032R,
D033R,
A034R,
A035R,
V036R,
F037R,
R038R,0.0
L039R,
S040R,
A041R,
Q042R,
G043R,
R044R,
P045R,
V046R,
L047R,1.42793476767
F048R,
V049R,
K050R,
T051R,
D052R,
L053R,
S054R,
G055R,
A056R,
L057R,
N058R,
E059R,
L060R,
Q061R,
D062R,
E063R,
A064R,
A065R,
R066R,
L067R,
S068R,
W069R,
L070R,
A071R,
T072R,
T073R,
G074R,1.31977233847
V075R,
P076R,
C077R,
A078R,
A079R,1.8070461624
V080R,
L081R,
D082R,
V083R,
V084R,
T085R,
E086R,
A087R,
G088R,
R089R,
D090R,
W091R,
L092R,
L093R,
L094R,
G095R,
E096R,
V097R,
P098R,
G099R,
Q100R,
D101R,
L102R,
L103R,
S104R,
S105R,
H106R,
L107R,
A108R,
P109R,
A110R,
E111R,
K112R,
V113R,
S114R,
I115R,
M116R,
A117R,
D118R,
A119R,
M120R,
R121R,
R122R,
L123R,
H124R,
T125R,
L126R,
D127R,
P128R,
A129R,
T130R,
C131R,
P132R,
F133R,
D134R,
H135R,
Q136R,
A137R,
K138R,
H139R,
R140R,
I141R,
E142R,
R143R,
A144R,
R145R,
T146R,2.49882084234
R147R,
M148R,
E149R,
A150R,
G151R,
L152R,1.38239260986
V153R,
D154R,
Q155R,
D156R,
D157R,
L158R,
D159R,
E160R,
E161R,
H162R,
Q163R,
G164R,
L165R,
A166R,
P167R,
A168R,
E169R,
L170R,
F171R,
A172R,
R173R,
L174R,
K175R,
A176R,
R177R,
M178R,
P179R,
D180R,
G181R,
E182R,
D183R,
L184R,
V185R,
V186R,
T187R,
H188R,
G189R,
D190R,
A191R,
C192R,
L193R,
P194R,
N195R,
I196R,
M197R,
V198R,
E199R,
N200R,
G201R,
R202R,
F203R,
S204R,
G205R,
F206R,
I207R,
D208R,
C209R,
G210R,
R211R,
L212R,
G213R,
V214R,
A215R,
D216R,
R217R,
Y218R,
Q219R,
D220R,
I221R,
A222R,
L223R,
A224R,
T225R,
R226R,
D227R,
I228R,
A229R,
E230R,
E231R,
L232R,
G233R,
G234R,
E235R,
W236R,
A237R,
D238R,
R239R,
F240R,
L241R,
V242R,
L243R,
Y244R,
G245R,
I246R,
A247R,2.69948605721
A248R,
P249R,
D250R,
S251R,
Q252R,
R253R,
I254R,
A255R,
F256R,
Y257R,
R258R,
L259R,
L260R,
D261R,
E262R,
F263R,
F264R,
M001S,
I002S,
E003S,
Q004S,
D005S,
G006S,2.72982476766
L007S,2.42614672296
H008S,
A009S,0.543931052552
G010S,
S011S,
P012S,
A013S,
A014S,
W015S,
V016S,
E017S,
R018S,
L019S,
F020S,
G021S,
Y022S,
D023S,
W024S,
A025S,
Q026S,
Q027S,
T028S,
I029S,
G030S,
C031S,
S032S,
D033S,
A034S,
A035S,
V036S,
F037S,
R038S,
L039S,
S040S,
A041S,1.015643091
Q042S,
G043S,
R044S,
P045S,
V046S,1.33924355775
L047S,
F048S,
V049S,
K050S,
T051S,1.89739236089
D052S,
L053S,
S054S,
G055S,
A056S,0.524181136079
L057S,
N058S,
E059S,
L060S,
Q061S,
D062S,
E063S,
A064S,
A065S,0.325439187893
R066S,
L067S,
S068S,
W069S,
L070S,
A071S,0.366588927083
T072S,
T073S,
G074S,1.87623178946
V075S,
P076S,
C077S,
A078S,
A079S,1.33908853883
V080S,
L081S,
D082S,
V083S,
V084S,
T085S,
E086S,
A087S,
G088S,
R089S,
D090S,
W091S,
L092S,
L093S,
L094S,
G095S,
E096S,
V097S,
P098S,
G099S,
Q100S,
D101S,
L102S,
L103S,
S104S,
S105S,
H106S,
L107S,
A108S,
P109S,
A110S,0.904242937113
E111S,
K112S,
V113S,
S114S,
I115S,
M116S,
A117S,
D118S,
A119S,
M120S,
R121S,
R122S,
L123S,
H124S,
T125S,2.12124047769
L126S,
D127S,
P128S,
A129S,
T130S,
C131S,
P132S,
F133S,
D134S,
H135S,
Q136S,
A137S,
K138S,
H139S,
R140S,
I141S,
E142S,
R143S,
A144S,
R145S,
T146S,
R147S,
M148S,
E149S,
A150S,0.754295566213
G151S,
L152S,
V153S,
D154S,
Q155S,
D156S,
D157S,
L158S,
D159S,
E160S,
E161S,
H162S,
Q163S,
G164S,
L165S,
A166S,
P167S,
A168S,
E169S,
L170S,
F171S,
A172S,
R173S,
L174S,
K175S,
A176S,
R177S,
M178S,
P179S,
D180S,
G181S,
E182S,
D183S,
L184S,
V185S,
V186S,
T187S,1.58236611786
H188S,
G189S,
D190S,
A191S,
C192S,
L193S,
P194S,
N195S,
I196S,
M197S,
V198S,
E199S,
N200S,
G201S,
R202S,
F203S,
S204S,
G205S,
F206S,
I207S,
D208S,
C209S,
G210S,
R211S,
L212S,
G213S,
V214S,
A215S,
D216S,
R217S,
Y218S,
Q219S,
D220S,
I221S,
A222S,
L223S,
A224S,
T225S,
R226S,
D227S,
I228S,
A229S,1.0392807445
E230S,
E231S,
L232S,
G233S,
G234S,
E235S,
W236S,
A237S,
D238S,
R239S,
F240S,
L241S,
V242S,
L243S,
Y244S,
G245S,
I246S,
A247S,1.56524884537
A248S,
P249S,
D250S,
S251S,
Q252S,
R253S,
I254S,
A255S,
F256S,
Y257S,
R258S,
L259S,
L260S,
D261S,
E262S,
F263S,
F264S,
M001T,
I002T,
E003T,
Q004T,
D005T,
G006T,3.13015970333
L007T,
H008T,
A009T,
G010T,
S011T,
P012T,0.237294607674
A013T,
A014T,
W015T,
V016T,
E017T,
R018T,
L019T,1.2509783989
F020T,
G021T,
Y022T,
D023T,
W024T,
A025T,
Q026T,
Q027T,
T028T,0.0
I029T,
G030T,
C031T,
S032T,
D033T,
A034T,
A035T,
V036T,
F037T,
R038T,
L039T,
S040T,
A041T,1.17202921642
Q042T,
G043T,
R044T,
P045T,
V046T,1.72395601729
L047T,
F048T,
V049T,
K050T,
T051T,0.0
D052T,
L053T,
S054T,
G055T,
A056T,1.0135754287
L057T,
N058T,
E059T,
L060T,
Q061T,
D062T,
E063T,
A064T,
A065T,
R066T,
L067T,
S068T,
W069T,
L070T,
A071T,
T072T,
T073T,
G074T,1.86911172934
V075T,
P076T,
C077T,
A078T,
A079T,1.38095169991
V080T,
L081T,
D082T,
V083T,
V084T,
T085T,
E086T,
A087T,1.37555820813
G088T,
R089T,
D090T,
W091T,
L092T,
L093T,
L094T,1.30412252711
G095T,
E096T,
V097T,
P098T,
G099T,
Q100T,
D101T,
L102T,
L103T,
S104T,
S105T,
H106T,
L107T,
A108T,
P109T,
A110T,
E111T,
K112T,
V113T,
S114T,
I115T,
M116T,
A117T,
D118T,
A119T,
M120T,
R121T,
R122T,
L123T,
H124T,
T125T,0.0
L126T,
D127T,
P128T,
A129T,
T130T,
C131T,
P132T,
F133T,
D134T,
H135T,
Q136T,
A137T,
K138T,
H139T,
R140T,
I141T,
E142T,
R143T,
A144T,
R145T,
T146T,0.0
R147T,
M148T,
E149T,
A150T,
G151T,
L152T,
V153T,
D154T,
Q155T,
D156T,
D157T,
L158T,
D159T,
E160T,
E161T,
H162T,
Q163T,
G164T,
L165T,
A166T,
P167T,
A168T,
E169T,
L170T,
F171T,
A172T,
R173T,
L174T,
K175T,
A176T,
R177T,
M178T,
P179T,0.193888251656
D180T,
G181T,
E182T,
D183T,
L184T,
V185T,
V186T,
T187T,0.0
H188T,
G189T,
D190T,
A191T,
C192T,
L193T,
P194T,
N195T,
I196T,
M197T,
V198T,
E199T,
N200T,
G201T,
R202T,
F203T,
S204T,
G205T,
F206T,
I207T,
D208T,
C209T,
G210T,
R211T,
L212T,
G213T,
V214T,
A215T,
D216T,
R217T,
Y218T,
Q219T,
D220T,
I221T,
A222T,
L223T,
A224T,
T225T,
R226T,
D227T,
I228T,
A229T,
E230T,
E231T,
L232T,
G233T,
G234T,
E235T,
W236T,
A237T,
D238T,
R239T,
F240T,
L241T,
V242T,
L243T,
Y244T,
G245T,
I246T,
A247T,2.00237555134
A248T,
P249T,0.300813141109
D250T,
S251T,
Q252T,
R253T,
I254T,
A255T,
F256T,
Y257T,
R258T,
L259T,
L260T,
D261T,
E262T,
F263T,
F264T,
M001V,
I002V,
E003V,
Q004V,
D005V,
G006V,0.850609760001
L007V,1.51155713609
H008V,
A009V,1.16595794355
G010V,
S011V,
P012V,
A013V,
A014V,
W015V,
V016V,
E017V,
R018V,
L019V,
F020V,
G021V,
Y022V,
D023V,
W024V,
A025V,
Q026V,
Q027V,
T028V,
I029V,
G030V,
C031V,
S032V,
D033V,
A034V,
A035V,
V036V,
F037V,
R038V,
L039V,0.813199509558
S040V,
A041V,
Q042V,
G043V,
R044V,
P045V,
V046V,0.0
L047V,
F048V,
V049V,
K050V,
T051V,
D052V,
L053V,
S054V,
G055V,
A056V,
L057V,
N058V,
E059V,
L060V,
Q061V,
D062V,
E063V,
A064V,
A065V,1.60693614874
R066V,
L067V,
S068V,
W069V,
L070V,
A071V,
T072V,
T073V,
G074V,0.295972111587
V075V,
P076V,
C077V,
A078V,
A079V,0.968760120234
V080V,
L081V,
D082V,
V083V,
V084V,
T085V,
E086V,
A087V,
G088V,
R089V,
D090V,
W091V,
L092V,
L093V,
L094V,
G095V,
E096V,
V097V,
P098V,
G099V,
Q100V,
D101V,
L102V,
L103V,
S104V,
S105V,
H106V,
L107V,
A108V,
P109V,
A110V,
E111V,
K112V,
V113V,
S114V,
I115V,
M116V,
A117V,
D118V,
A119V,
M120V,
R121V,
R122V,
L123V,
H124V,
T125V,
L126V,
D127V,
P128V,
A129V,
T130V,
C131V,
P132V,
F133V,
D134V,
H135V,
Q136V,
A137V,
K138V,
H139V,
R140V,
I141V,
E142V,
R143V,
A144V,
R145V,
T146V,2.67796894731
R147V,
M148V,
E149V,
A150V,
G151V,
L152V,
V153V,
D154V,
Q155V,
D156V,
D157V,
L158V,0.695979143029
D159V,
E160V,
E161V,
H162V,
Q163V,
G164V,
L165V,
A166V,
P167V,
A168V,
E169V,
L170V,
F171V,
A172V,
R173V,
L174V,
K175V,
A176V,
R177V,
M178V,
P179V,1.2353425161
D180V,
G181V,
E182V,
D183V,
L184V,
V185V,0.0
V186V,0.0
T187V,
H188V,
G189V,
D190V,
A191V,
C192V,
L193V,
P194V,
N195V,
I196V,
M197V,
V198V,
E199V,
N200V,
G201V,
R202V,
F203V,
S204V,
G205V,
F206V,
I207V,
D208V,
C209V,
G210V,
R211V,
L212V,
G213V,
V214V,
A215V,
D216V,
R217V,
Y218V,
Q219V,
D220V,
I221V,
A222V,
L223V,
A224V,
T225V,
R226V,
D227V,
I228V,
A229V,
E230V,
E231V,
L232V,
G233V,
G234V,
E235V,
W236V,
A237V,1.15039137039
D238V,
R239V,
F240V,
L241V,
V242V,
L243V,
Y244V,
G245V,
I246V,
A247V,0.704259686871
A248V,
P249V,1.76760006601
D250V,
S251V,
Q252V,
R253V,
I254V,
A255V,
F256V,
Y257V,
R258V,
L259V,
L260V,
D261V,
E262V,
F263V,
F264V,
M001W,
I002W,
E003W,
Q004W,
D005W,
G006W,2.53275271091
L007W,
H008W,
A009W,1.76412926306
G010W,
S011W,
P012W,
A013W,
A014W,
W015W,
V016W,
E017W,
R018W,
L019W,
F020W,
G021W,
Y022W,
D023W,
W024W,
A025W,
Q026W,
Q027W,
T028W,
I029W,
G030W,
C031W,
S032W,
D033W,
A034W,
A035W,
V036W,
F037W,
R038W,
L039W,
S040W,
A041W,
Q042W,
G043W,
R044W,
P045W,
V046W,
L047W,
F048W,
V049W,
K050W,
T051W,
D052W,
L053W,
S054W,
G055W,
A056W,
L057W,
N058W,
E059W,
L060W,
Q061W,
D062W,
E063W,
A064W,
A065W,
R066W,
L067W,
S068W,
W069W,
L070W,
A071W,
T072W,
T073W,
G074W,
V075W,
P076W,
C077W,
A078W,
A079W,
V080W,
L081W,
D082W,
V083W,
V084W,
T085W,
E086W,
A087W,
G088W,
R089W,
D090W,
W091W,
L092W,
L093W,
L094W,
G095W,
E096W,
V097W,
P098W,
G099W,
Q100W,
D101W,
L102W,
L103W,
S104W,
S105W,
H106W,
L107W,
A108W,
P109W,
A110W,
E111W,
K112W,
V113W,
S114W,
I115W,
M116W,
A117W,
D118W,
A119W,
M120W,
R121W,
R122W,
L123W,
H124W,
T125W,
L126W,
D127W,
P128W,
A129W,
T130W,
C131W,
P132W,
F133W,
D134W,
H135W,
Q136W,
A137W,
K138W,
H139W,
R140W,
I141W,
E142W,
R143W,
A144W,
R145W,
T146W,
R147W,
M148W,
E149W,
A150W,
G151W,
L152W,
V153W,
D154W,
Q155W,
D156W,
D157W,
L158W,2.13819004921
D159W,
E160W,
E161W,
H162W,
Q163W,
G164W,
L165W,
A166W,
P167W,
A168W,
E169W,
L170W,
F171W,
A172W,
R173W,
L174W,
K175W,
A176W,
R177W,
M178W,
P179W,
D180W,
G181W,
E182W,
D183W,
L184W,
V185W,
V186W,
T187W,
H188W,
G189W,
D190W,
A191W,
C192W,
L193W,
P194W,
N195W,
I196W,
M197W,
V198W,
E199W,
N200W,
G201W,
R202W,
F203W,
S204W,
G205W,
F206W,
I207W,
D208W,
C209W,
G210W,
R211W,
L212W,
G213W,
V214W,
A215W,
D216W,
R217W,
Y218W,
Q219W,
D220W,
I221W,
A222W,
L223W,
A224W,
T225W,
R226W,
D227W,
I228W,
A229W,
E230W,
E231W,
L232W,
G233W,
G234W,
E235W,
W236W,
A237W,
D238W,
R239W,
F240W,
L241W,
V242W,
L243W,
Y244W,
G245W,
I246W,
A247W,
A248W,
P249W,
D250W,
S251W,
Q252W,
R253W,
I254W,
A255W,
F256W,
Y257W,
R258W,
L259W,
L260W,
D261W,
E262W,
F263W,
F264W,
M001X,
I002X,
E003X,
Q004X,
D005X,
G006X,
L007X,
H008X,
A009X,
G010X,
S011X,
P012X,
A013X,
A014X,
W015X,
V016X,
E017X,
R018X,
L019X,
F020X,
G021X,
Y022X,
D023X,
W024X,
A025X,
Q026X,
Q027X,
T028X,
I029X,
G030X,
C031X,
S032X,
D033X,
A034X,
A035X,
V036X,
F037X,
R038X,
L039X,
S040X,
A041X,
Q042X,
G043X,
R044X,
P045X,
V046X,
L047X,
F048X,
V049X,
K050X,
T051X,
D052X,
L053X,
S054X,
G055X,
A056X,
L057X,
N058X,
E059X,
L060X,
Q061X,
D062X,
E063X,
A064X,
A065X,
R066X,
L067X,
S068X,
W069X,
L070X,
A071X,
T072X,
T073X,
G074X,
V075X,
P076X,
C077X,
A078X,
A079X,
V080X,
L081X,
D082X,
V083X,
V084X,
T085X,
E086X,
A087X,
G088X,
R089X,
D090X,
W091X,
L092X,
L093X,
L094X,
G095X,
E096X,
V097X,
P098X,
G099X,
Q100X,
D101X,
L102X,
L103X,
S104X,
S105X,
H106X,
L107X,
A108X,
P109X,
A110X,
E111X,
K112X,
V113X,
S114X,
I115X,
M116X,
A117X,
D118X,
A119X,
M120X,
R121X,
R122X,
L123X,
H124X,
T125X,
L126X,
D127X,
P128X,
A129X,
T130X,
C131X,
P132X,
F133X,
D134X,
H135X,
Q136X,
A137X,
K138X,
H139X,
R140X,
I141X,
E142X,
R143X,
A144X,
R145X,
T146X,
R147X,
M148X,
E149X,
A150X,
G151X,
L152X,
V153X,
D154X,
Q155X,
D156X,
D157X,
L158X,
D159X,
E160X,
E161X,
H162X,
Q163X,
G164X,
L165X,
A166X,
P167X,
A168X,
E169X,
L170X,
F171X,
A172X,
R173X,
L174X,
K175X,
A176X,
R177X,
M178X,
P179X,
D180X,
G181X,
E182X,
D183X,
L184X,
V185X,
V186X,
T187X,
H188X,
G189X,
D190X,
A191X,
C192X,
L193X,
P194X,
N195X,
I196X,
M197X,
V198X,
E199X,
N200X,
G201X,
R202X,
F203X,
S204X,
G205X,
F206X,
I207X,
D208X,
C209X,
G210X,
R211X,
L212X,
G213X,
V214X,
A215X,
D216X,
R217X,
Y218X,
Q219X,
D220X,
I221X,
A222X,
L223X,
A224X,
T225X,
R226X,
D227X,
I228X,
A229X,
E230X,
E231X,
L232X,
G233X,
G234X,
E235X,
W236X,
A237X,
D238X,
R239X,
F240X,
L241X,
V242X,
L243X,
Y244X,
G245X,
I246X,
A247X,
A248X,
P249X,
D250X,
S251X,
Q252X,
R253X,
I254X,
A255X,
F256X,
Y257X,
R258X,
L259X,
L260X,
D261X,
E262X,
F263X,
F264X,
M001Y,
I002Y,
E003Y,
Q004Y,
D005Y,
G006Y,2.36280641348
L007Y,
H008Y,
A009Y,1.9216414145
G010Y,
S011Y,
P012Y,
A013Y,
A014Y,
W015Y,
V016Y,
E017Y,
R018Y,
L019Y,
F020Y,
G021Y,
Y022Y,
D023Y,
W024Y,
A025Y,
Q026Y,
Q027Y,
T028Y,2.30693017301
I029Y,
G030Y,
C031Y,
S032Y,
D033Y,
A034Y,
A035Y,
V036Y,
F037Y,
R038Y,
L039Y,
S040Y,
A041Y,
Q042Y,
G043Y,
R044Y,
P045Y,
V046Y,
L047Y,0.855039263141
F048Y,
V049Y,
K050Y,
T051Y,
D052Y,
L053Y,
S054Y,
G055Y,
A056Y,
L057Y,
N058Y,
E059Y,
L060Y,
Q061Y,
D062Y,
E063Y,
A064Y,
A065Y,
R066Y,
L067Y,
S068Y,
W069Y,
L070Y,
A071Y,
T072Y,
T073Y,
G074Y,
V075Y,
P076Y,
C077Y,
A078Y,
A079Y,0.885601376989
V080Y,
L081Y,
D082Y,
V083Y,
V084Y,
T085Y,
E086Y,
A087Y,
G088Y,
R089Y,
D090Y,
W091Y,
L092Y,
L093Y,
L094Y,
G095Y,
E096Y,
V097Y,
P098Y,
G099Y,
Q100Y,
D101Y,
L102Y,
L103Y,1.85279970729
S104Y,
S105Y,
H106Y,
L107Y,
A108Y,
P109Y,
A110Y,1.97628940179
E111Y,
K112Y,
V113Y,
S114Y,
I115Y,
M116Y,
A117Y,
D118Y,
A119Y,
M120Y,
R121Y,
R122Y,
L123Y,
H124Y,
T125Y,
L126Y,
D127Y,
P128Y,
A129Y,
T130Y,
C131Y,
P132Y,
F133Y,
D134Y,
H135Y,
Q136Y,
A137Y,
K138Y,
H139Y,
R140Y,
I141Y,
E142Y,
R143Y,
A144Y,
R145Y,
T146Y,
R147Y,
M148Y,
E149Y,
A150Y,
G151Y,1.88558741908
L152Y,
V153Y,
D154Y,
Q155Y,
D156Y,
D157Y,
L158Y,2.15675946652
D159Y,
E160Y,
E161Y,
H162Y,
Q163Y,
G164Y,
L165Y,
A166Y,
P167Y,
A168Y,
E169Y,
L170Y,
F171Y,
A172Y,
R173Y,
L174Y,
K175Y,
A176Y,
R177Y,
M178Y,
P179Y,
D180Y,
G181Y,
E182Y,
D183Y,
L184Y,
V185Y,
V186Y,
T187Y,
H188Y,
G189Y,
D190Y,
A191Y,
C192Y,
L193Y,
P194Y,
N195Y,
I196Y,
M197Y,
V198Y,
E199Y,
N200Y,
G201Y,
R202Y,
F203Y,
S204Y,
G205Y,
F206Y,
I207Y,
D208Y,
C209Y,
G210Y,
R211Y,
L212Y,
G213Y,
V214Y,
A215Y,
D216Y,
R217Y,
Y218Y,
Q219Y,
D220Y,
I221Y,
A222Y,
L223Y,
A224Y,
T225Y,
R226Y,
D227Y,
I228Y,
A229Y,
E230Y,
E231Y,
L232Y,
G233Y,
G234Y,
E235Y,
W236Y,
A237Y,
D238Y,
R239Y,
F240Y,
L241Y,
V242Y,
L243Y,
Y244Y,
G245Y,
I246Y,
A247Y,
A248Y,
P249Y,
D250Y,
S251Y,
Q252Y,
R253Y,
I254Y,
A255Y,
F256Y,
Y257Y,
R258Y,
L259Y,
L260Y,
D261Y,
E262Y,
F263Y,
F264Y,
