mutids,Kanamycin_1_1_MIC_WRT_Background_0
M001A,
M001C,
M001D,
M001E,
M001F,
M001G,
M001H,
M001I,
M001K,
M001L,
M001M,
M001N,
M001P,
M001Q,
M001R,
M001S,
M001T,
M001V,
M001W,
M001X,
M001Y,
I002A,
I002C,
I002D,
I002E,
I002F,
I002G,
I002H,
I002I,
I002K,
I002L,
I002M,
I002N,
I002P,
I002Q,
I002R,
I002S,
I002T,
I002V,
I002W,
I002X,
I002Y,
E003A,
E003C,
E003D,
E003E,
E003F,
E003G,
E003H,
E003I,
E003K,
E003L,
E003M,
E003N,
E003P,
E003Q,
E003R,
E003S,
E003T,
E003V,
E003W,
E003X,
E003Y,
Q004A,
Q004C,
Q004D,
Q004E,
Q004F,
Q004G,
Q004H,
Q004I,
Q004K,0.00808724657066
Q004L,
Q004M,
Q004N,
Q004P,
Q004Q,
Q004R,
Q004S,
Q004T,
Q004V,
Q004W,
Q004X,
Q004Y,
D005A,
D005C,
D005D,
D005E,
D005F,
D005G,
D005H,
D005I,
D005K,
D005L,
D005M,
D005N,0.72926806456
D005P,
D005Q,
D005R,
D005S,
D005T,
D005V,
D005W,
D005X,
D005Y,
G006A,
G006C,-0.205446342708
G006D,
G006E,
G006F,
G006G,
G006H,
G006I,
G006K,
G006L,
G006M,
G006N,
G006P,
G006Q,
G006R,
G006S,
G006T,
G006V,
G006W,
G006X,
G006Y,
L007A,
L007C,
L007D,
L007E,
L007F,
L007G,
L007H,
L007I,
L007K,
L007L,
L007M,
L007N,
L007P,
L007Q,
L007R,
L007S,
L007T,
L007V,
L007W,
L007X,
L007Y,
H008A,
H008C,
H008D,
H008E,
H008F,
H008G,
H008H,
H008I,
H008K,
H008L,
H008M,
H008N,-0.0393939815038
H008P,
H008Q,
H008R,
H008S,
H008T,
H008V,
H008W,
H008X,
H008Y,
A009A,
A009C,
A009D,
A009E,-0.30888617618
A009F,
A009G,
A009H,
A009I,
A009K,
A009L,
A009M,
A009N,
A009P,
A009Q,
A009R,
A009S,
A009T,
A009V,
A009W,
A009X,
A009Y,
G010A,
G010C,
G010D,
G010E,
G010F,
G010G,
G010H,
G010I,
G010K,
G010L,
G010M,
G010N,
G010P,
G010Q,
G010R,-0.523754000939
G010S,
G010T,
G010V,
G010W,
G010X,
G010Y,
S011A,
S011C,
S011D,
S011E,
S011F,
S011G,
S011H,
S011I,
S011K,
S011L,1.07347123392
S011M,
S011N,
S011P,
S011Q,
S011R,
S011S,
S011T,
S011V,
S011W,
S011X,
S011Y,
P012A,
P012C,
P012D,
P012E,
P012F,
P012G,
P012H,
P012I,
P012K,
P012L,
P012M,
P012N,
P012P,
P012Q,
P012R,
P012S,
P012T,
P012V,
P012W,
P012X,
P012Y,
A013A,
A013C,
A013D,
A013E,
A013F,
A013G,
A013H,
A013I,
A013K,
A013L,
A013M,
A013N,
A013P,
A013Q,0.0267420709637
A013R,
A013S,-0.597055088454
A013T,
A013V,
A013W,
A013X,
A013Y,
A014A,
A014C,
A014D,
A014E,
A014F,
A014G,
A014H,
A014I,
A014K,
A014L,
A014M,
A014N,
A014P,
A014Q,
A014R,
A014S,
A014T,
A014V,
A014W,
A014X,
A014Y,
W015A,
W015C,
W015D,
W015E,
W015F,
W015G,
W015H,
W015I,
W015K,
W015L,
W015M,
W015N,
W015P,
W015Q,
W015R,
W015S,
W015T,
W015V,
W015W,
W015X,
W015Y,
V016A,0.556886565151
V016C,
V016D,
V016E,
V016F,
V016G,
V016H,
V016I,
V016K,
V016L,
V016M,
V016N,
V016P,
V016Q,
V016R,
V016S,
V016T,
V016V,
V016W,
V016X,
V016Y,
E017A,
E017C,
E017D,
E017E,
E017F,
E017G,
E017H,
E017I,
E017K,
E017L,
E017M,
E017N,
E017P,
E017Q,
E017R,
E017S,
E017T,
E017V,
E017W,
E017X,
E017Y,
R018A,
R018C,
R018D,
R018E,
R018F,
R018G,
R018H,
R018I,
R018K,
R018L,-0.950477062547
R018M,
R018N,
R018P,
R018Q,
R018R,
R018S,0.24277000906
R018T,
R018V,
R018W,
R018X,
R018Y,
L019A,
L019C,
L019D,
L019E,
L019F,
L019G,
L019H,
L019I,
L019K,
L019L,
L019M,
L019N,
L019P,
L019Q,
L019R,
L019S,
L019T,
L019V,
L019W,
L019X,
L019Y,
F020A,
F020C,
F020D,
F020E,
F020F,
F020G,
F020H,
F020I,
F020K,
F020L,0.147917264333
F020M,
F020N,
F020P,
F020Q,
F020R,
F020S,
F020T,
F020V,
F020W,
F020X,
F020Y,
G021A,
G021C,-0.610860532604
G021D,
G021E,
G021F,
G021G,
G021H,
G021I,
G021K,
G021L,
G021M,
G021N,
G021P,
G021Q,
G021R,
G021S,
G021T,
G021V,
G021W,
G021X,
G021Y,
Y022A,
Y022C,
Y022D,
Y022E,
Y022F,
Y022G,
Y022H,
Y022I,
Y022K,
Y022L,
Y022M,
Y022N,
Y022P,
Y022Q,
Y022R,
Y022S,
Y022T,
Y022V,
Y022W,
Y022X,
Y022Y,
D023A,
D023C,
D023D,
D023E,
D023F,
D023G,
D023H,
D023I,
D023K,
D023L,
D023M,
D023N,
D023P,
D023Q,
D023R,
D023S,
D023T,
D023V,
D023W,
D023X,
D023Y,-0.713409807883
W024A,
W024C,-1.4039714843
W024D,
W024E,
W024F,
W024G,
W024H,
W024I,
W024K,
W024L,
W024M,
W024N,
W024P,
W024Q,
W024R,
W024S,
W024T,
W024V,
W024W,
W024X,
W024Y,
A025A,
A025C,
A025D,
A025E,
A025F,
A025G,
A025H,
A025I,
A025K,
A025L,
A025M,
A025N,
A025P,
A025Q,
A025R,
A025S,
A025T,
A025V,
A025W,
A025X,
A025Y,
Q026A,
Q026C,
Q026D,
Q026E,
Q026F,
Q026G,
Q026H,
Q026I,
Q026K,
Q026L,
Q026M,
Q026N,
Q026P,
Q026Q,
Q026R,
Q026S,
Q026T,
Q026V,
Q026W,
Q026X,
Q026Y,
Q027A,
Q027C,
Q027D,
Q027E,
Q027F,
Q027G,
Q027H,
Q027I,
Q027K,
Q027L,
Q027M,
Q027N,0.857732920819
Q027P,
Q027Q,
Q027R,
Q027S,
Q027T,
Q027V,
Q027W,
Q027X,
Q027Y,
T028A,
T028C,
T028D,
T028E,
T028F,
T028G,
T028H,
T028I,
T028K,
T028L,
T028M,
T028N,
T028P,
T028Q,
T028R,
T028S,
T028T,
T028V,
T028W,
T028X,
T028Y,
I029A,
I029C,
I029D,
I029E,
I029F,
I029G,
I029H,
I029I,
I029K,
I029L,
I029M,
I029N,
I029P,
I029Q,
I029R,
I029S,
I029T,
I029V,
I029W,
I029X,
I029Y,
G030A,
G030C,
G030D,
G030E,
G030F,
G030G,
G030H,
G030I,
G030K,
G030L,
G030M,
G030N,
G030P,
G030Q,
G030R,
G030S,
G030T,
G030V,
G030W,
G030X,
G030Y,
C031A,
C031C,
C031D,
C031E,
C031F,
C031G,
C031H,
C031I,
C031K,
C031L,
C031M,
C031N,
C031P,
C031Q,1.01635456926
C031R,
C031S,
C031T,
C031V,
C031W,
C031X,
C031Y,
S032A,
S032C,-1.13147985757
S032D,
S032E,
S032F,
S032G,
S032H,
S032I,
S032K,
S032L,
S032M,
S032N,
S032P,
S032Q,
S032R,
S032S,
S032T,
S032V,
S032W,
S032X,
S032Y,
D033A,
D033C,
D033D,
D033E,
D033F,
D033G,0.423947527494
D033H,
D033I,
D033K,
D033L,
D033M,
D033N,
D033P,
D033Q,
D033R,
D033S,
D033T,
D033V,
D033W,
D033X,
D033Y,
A034A,
A034C,
A034D,
A034E,
A034F,
A034G,
A034H,
A034I,
A034K,
A034L,
A034M,
A034N,
A034P,
A034Q,
A034R,
A034S,
A034T,
A034V,
A034W,
A034X,
A034Y,
A035A,
A035C,
A035D,
A035E,
A035F,
A035G,
A035H,
A035I,
A035K,
A035L,
A035M,
A035N,
A035P,
A035Q,0.500097596221
A035R,
A035S,-0.984508485847
A035T,0.978393822475
A035V,
A035W,
A035X,
A035Y,
V036A,
V036C,
V036D,
V036E,
V036F,
V036G,
V036H,
V036I,
V036K,
V036L,
V036M,
V036N,
V036P,
V036Q,
V036R,
V036S,
V036T,
V036V,
V036W,
V036X,
V036Y,
F037A,
F037C,
F037D,
F037E,
F037F,
F037G,
F037H,
F037I,
F037K,
F037L,
F037M,
F037N,
F037P,
F037Q,
F037R,
F037S,
F037T,
F037V,
F037W,
F037X,
F037Y,-0.00372940838517
R038A,
R038C,
R038D,
R038E,
R038F,
R038G,
R038H,
R038I,
R038K,
R038L,
R038M,
R038N,
R038P,
R038Q,
R038R,
R038S,
R038T,
R038V,
R038W,
R038X,
R038Y,
L039A,
L039C,
L039D,
L039E,
L039F,
L039G,
L039H,
L039I,
L039K,
L039L,
L039M,
L039N,
L039P,
L039Q,
L039R,
L039S,
L039T,
L039V,
L039W,
L039X,
L039Y,
S040A,
S040C,
S040D,
S040E,
S040F,
S040G,
S040H,
S040I,
S040K,0.590755218007
S040L,
S040M,
S040N,
S040P,
S040Q,0.776452353858
S040R,-1.0271155773
S040S,
S040T,
S040V,
S040W,
S040X,
S040Y,
A041A,
A041C,
A041D,
A041E,
A041F,
A041G,
A041H,0.670988280047
A041I,
A041K,
A041L,
A041M,
A041N,
A041P,
A041Q,
A041R,
A041S,-0.26499414208
A041T,0.0253675035011
A041V,
A041W,
A041X,
A041Y,
Q042A,
Q042C,
Q042D,
Q042E,
Q042F,
Q042G,
Q042H,
Q042I,
Q042K,0.121712711444
Q042L,
Q042M,
Q042N,-0.14928131018
Q042P,
Q042Q,
Q042R,
Q042S,
Q042T,
Q042V,
Q042W,
Q042X,
Q042Y,
G043A,
G043C,
G043D,
G043E,
G043F,
G043G,
G043H,
G043I,
G043K,
G043L,
G043M,
G043N,1.11140677167
G043P,
G043Q,
G043R,
G043S,
G043T,
G043V,
G043W,
G043X,
G043Y,
R044A,
R044C,
R044D,
R044E,
R044F,
R044G,
R044H,
R044I,
R044K,
R044L,
R044M,
R044N,
R044P,
R044Q,
R044R,
R044S,
R044T,
R044V,
R044W,
R044X,
R044Y,
P045A,
P045C,
P045D,
P045E,
P045F,
P045G,
P045H,
P045I,
P045K,
P045L,
P045M,
P045N,
P045P,
P045Q,
P045R,
P045S,
P045T,
P045V,
P045W,
P045X,
P045Y,
V046A,0.419462509175
V046C,
V046D,
V046E,
V046F,
V046G,
V046H,
V046I,
V046K,
V046L,
V046M,
V046N,
V046P,
V046Q,
V046R,
V046S,0.400308569572
V046T,
V046V,
V046W,
V046X,
V046Y,
L047A,
L047C,
L047D,
L047E,
L047F,
L047G,
L047H,1.12526494996
L047I,
L047K,
L047L,
L047M,-0.340095386609
L047N,
L047P,
L047Q,
L047R,0.377672335987
L047S,
L047T,
L047V,
L047W,
L047X,
L047Y,
F048A,
F048C,
F048D,
F048E,
F048F,
F048G,
F048H,
F048I,
F048K,
F048L,
F048M,
F048N,
F048P,
F048Q,
F048R,
F048S,
F048T,
F048V,
F048W,
F048X,
F048Y,
V049A,
V049C,
V049D,
V049E,
V049F,
V049G,
V049H,
V049I,
V049K,
V049L,-0.645979178112
V049M,
V049N,
V049P,
V049Q,
V049R,
V049S,
V049T,
V049V,
V049W,
V049X,
V049Y,
K050A,
K050C,
K050D,
K050E,
K050F,
K050G,
K050H,
K050I,
K050K,
K050L,
K050M,
K050N,
K050P,
K050Q,
K050R,
K050S,
K050T,
K050V,
K050W,
K050X,
K050Y,
T051A,
T051C,
T051D,
T051E,
T051F,
T051G,
T051H,
T051I,
T051K,
T051L,
T051M,
T051N,
T051P,
T051Q,
T051R,
T051S,
T051T,
T051V,
T051W,
T051X,
T051Y,
D052A,
D052C,
D052D,
D052E,
D052F,
D052G,
D052H,
D052I,
D052K,
D052L,
D052M,
D052N,
D052P,
D052Q,
D052R,
D052S,
D052T,
D052V,
D052W,
D052X,
D052Y,
L053A,
L053C,0.263514596625
L053D,
L053E,
L053F,
L053G,
L053H,
L053I,
L053K,0.792001766227
L053L,
L053M,
L053N,
L053P,
L053Q,
L053R,
L053S,
L053T,
L053V,
L053W,
L053X,
L053Y,0.422258865103
S054A,
S054C,
S054D,
S054E,
S054F,
S054G,
S054H,0.51003229163
S054I,
S054K,
S054L,
S054M,
S054N,
S054P,
S054Q,
S054R,
S054S,
S054T,
S054V,
S054W,
S054X,
S054Y,
G055A,
G055C,
G055D,
G055E,
G055F,
G055G,
G055H,
G055I,
G055K,
G055L,
G055M,
G055N,
G055P,
G055Q,
G055R,
G055S,
G055T,
G055V,
G055W,
G055X,
G055Y,
A056A,
A056C,
A056D,
A056E,
A056F,
A056G,
A056H,
A056I,
A056K,
A056L,
A056M,
A056N,
A056P,
A056Q,
A056R,
A056S,
A056T,-0.416999579052
A056V,
A056W,
A056X,
A056Y,
L057A,
L057C,
L057D,
L057E,
L057F,
L057G,
L057H,
L057I,
L057K,
L057L,
L057M,
L057N,
L057P,
L057Q,
L057R,
L057S,
L057T,
L057V,
L057W,
L057X,
L057Y,
N058A,
N058C,
N058D,
N058E,
N058F,
N058G,
N058H,
N058I,
N058K,
N058L,
N058M,
N058N,
N058P,
N058Q,
N058R,
N058S,
N058T,
N058V,
N058W,
N058X,
N058Y,
E059A,
E059C,
E059D,
E059E,
E059F,
E059G,
E059H,
E059I,
E059K,
E059L,
E059M,
E059N,
E059P,
E059Q,
E059R,
E059S,
E059T,
E059V,
E059W,
E059X,
E059Y,
L060A,
L060C,
L060D,
L060E,
L060F,
L060G,
L060H,
L060I,
L060K,
L060L,
L060M,
L060N,
L060P,
L060Q,
L060R,
L060S,
L060T,
L060V,
L060W,
L060X,
L060Y,
Q061A,
Q061C,
Q061D,
Q061E,
Q061F,
Q061G,
Q061H,
Q061I,
Q061K,-0.390469817738
Q061L,
Q061M,
Q061N,
Q061P,
Q061Q,
Q061R,
Q061S,
Q061T,
Q061V,
Q061W,
Q061X,
Q061Y,
D062A,
D062C,
D062D,
D062E,
D062F,
D062G,
D062H,
D062I,
D062K,
D062L,
D062M,
D062N,
D062P,
D062Q,
D062R,
D062S,
D062T,
D062V,
D062W,
D062X,
D062Y,
E063A,
E063C,
E063D,
E063E,
E063F,
E063G,
E063H,
E063I,
E063K,
E063L,
E063M,
E063N,
E063P,
E063Q,
E063R,
E063S,
E063T,
E063V,
E063W,
E063X,
E063Y,
A064A,
A064C,
A064D,
A064E,
A064F,
A064G,
A064H,
A064I,
A064K,
A064L,
A064M,
A064N,
A064P,
A064Q,
A064R,
A064S,
A064T,
A064V,
A064W,
A064X,
A064Y,
A065A,
A065C,
A065D,
A065E,
A065F,
A065G,
A065H,
A065I,
A065K,
A065L,
A065M,
A065N,
A065P,
A065Q,
A065R,
A065S,
A065T,
A065V,
A065W,
A065X,
A065Y,
R066A,
R066C,
R066D,
R066E,
R066F,
R066G,
R066H,
R066I,
R066K,
R066L,
R066M,
R066N,
R066P,
R066Q,
R066R,
R066S,
R066T,
R066V,
R066W,
R066X,
R066Y,
L067A,
L067C,
L067D,
L067E,
L067F,
L067G,
L067H,
L067I,
L067K,
L067L,
L067M,-0.890184583832
L067N,
L067P,
L067Q,
L067R,
L067S,
L067T,
L067V,
L067W,
L067X,
L067Y,
S068A,
S068C,
S068D,
S068E,
S068F,
S068G,
S068H,
S068I,
S068K,
S068L,
S068M,
S068N,
S068P,
S068Q,
S068R,-0.137055324628
S068S,
S068T,
S068V,
S068W,
S068X,
S068Y,
W069A,
W069C,
W069D,
W069E,
W069F,
W069G,
W069H,
W069I,
W069K,
W069L,
W069M,
W069N,
W069P,
W069Q,
W069R,
W069S,
W069T,
W069V,
W069W,
W069X,
W069Y,
L070A,
L070C,
L070D,
L070E,
L070F,
L070G,
L070H,
L070I,
L070K,
L070L,
L070M,
L070N,
L070P,
L070Q,
L070R,
L070S,
L070T,
L070V,
L070W,
L070X,
L070Y,
A071A,
A071C,
A071D,
A071E,
A071F,
A071G,
A071H,
A071I,
A071K,
A071L,
A071M,
A071N,
A071P,
A071Q,
A071R,
A071S,
A071T,
A071V,
A071W,
A071X,
A071Y,
T072A,
T072C,
T072D,0.233800706174
T072E,-0.0121193323871
T072F,
T072G,
T072H,0.000932367415811
T072I,
T072K,0.0429587405631
T072L,
T072M,-0.164497843843
T072N,
T072P,
T072Q,0.347245738745
T072R,
T072S,
T072T,
T072V,
T072W,
T072X,
T072Y,
T073A,-0.0210081792532
T073C,0.149091083662
T073D,
T073E,
T073F,
T073G,
T073H,
T073I,-0.256300449921
T073K,-0.379899699515
T073L,
T073M,0.117336143376
T073N,-0.794395360593
T073P,
T073Q,0.429066069335
T073R,-0.238881324935
T073S,-0.664344815309
T073T,
T073V,0.286632952685
T073W,
T073X,
T073Y,
G074A,
G074C,-0.845818756294
G074D,
G074E,-0.562286646633
G074F,
G074G,
G074H,-0.430058990304
G074I,
G074K,-0.214632203794
G074L,
G074M,
G074N,-0.188509789111
G074P,-0.0810632486822
G074Q,0.366706525803
G074R,-0.562495837755
G074S,-0.164094755554
G074T,-0.35780031767
G074V,
G074W,
G074X,
G074Y,
V075A,-0.908787438171
V075C,-0.209417995884
V075D,
V075E,0.442127712478
V075F,-0.330036704165
V075G,
V075H,-0.224168503849
V075I,0.143281849639
V075K,
V075L,0.0496173941118
V075M,0.0764719288698
V075N,
V075P,
V075Q,
V075R,
V075S,
V075T,0.495834295833
V075V,
V075W,
V075X,
V075Y,
P076A,-0.113421903758
P076C,
P076D,
P076E,-0.0263535980046
P076F,
P076G,
P076H,
P076I,
P076K,-0.281537818861
P076L,
P076M,
P076N,0.253877765534
P076P,
P076Q,
P076R,
P076S,-0.561184506213
P076T,-0.755411676835
P076V,
P076W,
P076X,
P076Y,
C077A,
C077C,
C077D,
C077E,
C077F,
C077G,
C077H,
C077I,
C077K,
C077L,
C077M,
C077N,
C077P,
C077Q,
C077R,
C077S,
C077T,0.6015932565
C077V,
C077W,
C077X,
C077Y,
A078A,
A078C,
A078D,
A078E,
A078F,
A078G,
A078H,
A078I,
A078K,
A078L,
A078M,
A078N,
A078P,-0.282118392905
A078Q,
A078R,
A078S,
A078T,
A078V,
A078W,
A078X,
A078Y,
A079A,
A079C,
A079D,0.00658570738491
A079E,-0.326815934069
A079F,
A079G,-0.12331078608
A079H,0.267630020657
A079I,
A079K,0.411347006191
A079L,
A079M,-0.355117389089
A079N,0.776721041133
A079P,
A079Q,-0.0972448757904
A079R,-0.144679578047
A079S,-0.332480362469
A079T,-0.381589147642
A079V,-0.737609609011
A079W,
A079X,
A079Y,
V080A,-0.191955440335
V080C,0.0106906241694
V080D,
V080E,
V080F,
V080G,
V080H,
V080I,0.689889433483
V080K,
V080L,-0.201906789103
V080M,-0.16662023971
V080N,
V080P,0.146058706419
V080Q,
V080R,
V080S,
V080T,-0.334708377251
V080V,
V080W,
V080X,
V080Y,
L081A,
L081C,
L081D,
L081E,
L081F,
L081G,
L081H,
L081I,-0.0979364154027
L081K,0.00796512915826
L081L,
L081M,-0.54810622617
L081N,
L081P,
L081Q,
L081R,
L081S,
L081T,
L081V,
L081W,
L081X,
L081Y,
D082A,
D082C,
D082D,
D082E,
D082F,
D082G,
D082H,
D082I,
D082K,
D082L,
D082M,
D082N,
D082P,
D082Q,
D082R,
D082S,
D082T,
D082V,
D082W,
D082X,
D082Y,
V083A,
V083C,
V083D,
V083E,
V083F,1.18838830559
V083G,
V083H,
V083I,
V083K,
V083L,-0.877770881899
V083M,
V083N,
V083P,
V083Q,
V083R,
V083S,
V083T,
V083V,
V083W,
V083X,
V083Y,
V084A,
V084C,
V084D,
V084E,
V084F,
V084G,
V084H,
V084I,
V084K,-0.0318877682721
V084L,-0.704430607099
V084M,
V084N,
V084P,
V084Q,
V084R,
V084S,
V084T,0.934327454892
V084V,
V084W,
V084X,
V084Y,
T085A,
T085C,
T085D,
T085E,
T085F,
T085G,
T085H,
T085I,
T085K,
T085L,
T085M,
T085N,
T085P,
T085Q,
T085R,
T085S,
T085T,
T085V,
T085W,
T085X,
T085Y,
E086A,
E086C,
E086D,
E086E,
E086F,
E086G,
E086H,
E086I,
E086K,
E086L,
E086M,
E086N,
E086P,
E086Q,
E086R,
E086S,
E086T,
E086V,
E086W,
E086X,
E086Y,
A087A,
A087C,
A087D,
A087E,
A087F,0.295948083215
A087G,
A087H,
A087I,
A087K,0.771709924286
A087L,
A087M,
A087N,
A087P,
A087Q,
A087R,
A087S,
A087T,
A087V,
A087W,
A087X,
A087Y,
G088A,
G088C,
G088D,
G088E,
G088F,
G088G,
G088H,
G088I,
G088K,
G088L,
G088M,
G088N,
G088P,
G088Q,
G088R,
G088S,
G088T,
G088V,
G088W,
G088X,
G088Y,
R089A,
R089C,
R089D,
R089E,
R089F,
R089G,
R089H,
R089I,
R089K,
R089L,
R089M,
R089N,
R089P,
R089Q,
R089R,
R089S,-1.34887349146
R089T,
R089V,
R089W,
R089X,
R089Y,
D090A,
D090C,
D090D,
D090E,
D090F,
D090G,
D090H,
D090I,
D090K,
D090L,
D090M,
D090N,
D090P,
D090Q,
D090R,
D090S,
D090T,
D090V,
D090W,
D090X,
D090Y,
W091A,
W091C,
W091D,
W091E,
W091F,
W091G,
W091H,
W091I,
W091K,
W091L,
W091M,
W091N,
W091P,
W091Q,
W091R,
W091S,
W091T,
W091V,
W091W,
W091X,
W091Y,0.301255126531
L092A,
L092C,
L092D,
L092E,
L092F,
L092G,
L092H,
L092I,
L092K,
L092L,
L092M,-0.553589658119
L092N,
L092P,
L092Q,
L092R,
L092S,
L092T,
L092V,
L092W,
L092X,
L092Y,
L093A,
L093C,
L093D,
L093E,
L093F,
L093G,
L093H,
L093I,
L093K,
L093L,
L093M,
L093N,
L093P,
L093Q,
L093R,
L093S,
L093T,
L093V,
L093W,
L093X,
L093Y,
L094A,
L094C,
L094D,
L094E,
L094F,
L094G,
L094H,
L094I,
L094K,
L094L,
L094M,-0.271231257668
L094N,
L094P,
L094Q,
L094R,
L094S,
L094T,0.156291162634
L094V,
L094W,
L094X,
L094Y,
G095A,
G095C,-1.2491536833
G095D,
G095E,
G095F,
G095G,
G095H,
G095I,
G095K,
G095L,
G095M,
G095N,
G095P,
G095Q,
G095R,-0.265017663493
G095S,
G095T,
G095V,
G095W,
G095X,
G095Y,
E096A,-0.510643528836
E096C,
E096D,
E096E,
E096F,
E096G,0.455644235315
E096H,
E096I,
E096K,
E096L,
E096M,
E096N,
E096P,
E096Q,
E096R,
E096S,
E096T,
E096V,
E096W,
E096X,
E096Y,
V097A,
V097C,
V097D,
V097E,
V097F,
V097G,
V097H,
V097I,
V097K,
V097L,
V097M,
V097N,
V097P,
V097Q,
V097R,
V097S,
V097T,
V097V,
V097W,
V097X,
V097Y,
P098A,
P098C,
P098D,
P098E,
P098F,
P098G,
P098H,
P098I,
P098K,
P098L,
P098M,
P098N,
P098P,
P098Q,-1.32284113275
P098R,-0.356301337016
P098S,-1.02066754684
P098T,-1.04080401548
P098V,
P098W,
P098X,
P098Y,
G099A,
G099C,
G099D,
G099E,
G099F,
G099G,
G099H,
G099I,
G099K,
G099L,
G099M,
G099N,
G099P,
G099Q,
G099R,
G099S,
G099T,
G099V,
G099W,
G099X,
G099Y,
Q100A,-0.0953923209084
Q100C,
Q100D,
Q100E,-0.077870084326
Q100F,
Q100G,
Q100H,-1.1652338539
Q100I,
Q100K,-0.71726904031
Q100L,
Q100M,
Q100N,
Q100P,
Q100Q,
Q100R,-0.499523648605
Q100S,
Q100T,0.442002039865
Q100V,
Q100W,
Q100X,
Q100Y,
D101A,-1.42595349476
D101C,
D101D,
D101E,
D101F,
D101G,
D101H,
D101I,
D101K,
D101L,
D101M,
D101N,
D101P,
D101Q,
D101R,
D101S,
D101T,
D101V,
D101W,
D101X,
D101Y,
L102A,
L102C,
L102D,
L102E,
L102F,
L102G,
L102H,
L102I,
L102K,
L102L,
L102M,
L102N,
L102P,
L102Q,
L102R,
L102S,
L102T,
L102V,
L102W,
L102X,
L102Y,
L103A,
L103C,
L103D,
L103E,
L103F,
L103G,
L103H,
L103I,
L103K,
L103L,
L103M,-0.854166114399
L103N,
L103P,
L103Q,
L103R,
L103S,
L103T,
L103V,
L103W,
L103X,
L103Y,0.282481325694
S104A,
S104C,
S104D,
S104E,
S104F,
S104G,
S104H,0.231816901916
S104I,
S104K,
S104L,
S104M,
S104N,
S104P,
S104Q,
S104R,
S104S,
S104T,
S104V,
S104W,
S104X,
S104Y,
S105A,-0.259405797397
S105C,
S105D,
S105E,
S105F,
S105G,
S105H,
S105I,
S105K,
S105L,
S105M,
S105N,
S105P,
S105Q,
S105R,
S105S,
S105T,
S105V,
S105W,
S105X,
S105Y,
H106A,0.580183319938
H106C,
H106D,
H106E,0.088557156698
H106F,
H106G,
H106H,
H106I,
H106K,0.47025891027
H106L,
H106M,
H106N,-0.834404609418
H106P,-0.830802615806
H106Q,
H106R,0.254076456494
H106S,
H106T,
H106V,
H106W,
H106X,
H106Y,
L107A,
L107C,
L107D,
L107E,
L107F,
L107G,
L107H,
L107I,
L107K,
L107L,
L107M,
L107N,
L107P,
L107Q,
L107R,
L107S,
L107T,
L107V,
L107W,
L107X,
L107Y,
A108A,
A108C,
A108D,
A108E,-0.29253437115
A108F,
A108G,
A108H,-0.100434079475
A108I,
A108K,
A108L,-0.122741707852
A108M,
A108N,-0.102156551215
A108P,0.215134810054
A108Q,0.0492741884157
A108R,
A108S,-1.04055556541
A108T,
A108V,
A108W,
A108X,
A108Y,
P109A,
P109C,
P109D,
P109E,
P109F,
P109G,
P109H,
P109I,
P109K,
P109L,
P109M,
P109N,
P109P,
P109Q,
P109R,
P109S,
P109T,
P109V,
P109W,
P109X,
P109Y,
A110A,
A110C,
A110D,
A110E,-0.214063534673
A110F,
A110G,
A110H,0.655921687826
A110I,
A110K,
A110L,0.646378714089
A110M,
A110N,-0.216828463285
A110P,
A110Q,
A110R,
A110S,-0.758360383863
A110T,
A110V,
A110W,
A110X,
A110Y,0.187738777409
E111A,
E111C,-0.244258686428
E111D,-0.334105552954
E111E,
E111F,
E111G,
E111H,
E111I,-0.243015694794
E111K,
E111L,0.381997764685
E111M,
E111N,
E111P,
E111Q,0.00153374576095
E111R,
E111S,
E111T,
E111V,
E111W,
E111X,
E111Y,
K112A,
K112C,
K112D,
K112E,
K112F,
K112G,
K112H,
K112I,
K112K,
K112L,
K112M,
K112N,
K112P,
K112Q,
K112R,
K112S,
K112T,
K112V,
K112W,
K112X,
K112Y,
V113A,
V113C,
V113D,
V113E,
V113F,
V113G,
V113H,
V113I,
V113K,
V113L,
V113M,
V113N,
V113P,
V113Q,
V113R,
V113S,
V113T,
V113V,
V113W,
V113X,
V113Y,
S114A,
S114C,-0.0112028791746
S114D,
S114E,
S114F,
S114G,
S114H,
S114I,-0.946412446068
S114K,0.546690467597
S114L,
S114M,
S114N,
S114P,
S114Q,0.63460964096
S114R,-0.844273424233
S114S,
S114T,
S114V,-0.0698259947086
S114W,0.0324714486436
S114X,
S114Y,
I115A,
I115C,
I115D,
I115E,
I115F,
I115G,
I115H,
I115I,
I115K,
I115L,
I115M,
I115N,
I115P,
I115Q,
I115R,
I115S,
I115T,
I115V,
I115W,
I115X,
I115Y,
M116A,
M116C,
M116D,
M116E,
M116F,
M116G,
M116H,
M116I,-1.66326870277
M116K,
M116L,0.0169483136922
M116M,
M116N,
M116P,
M116Q,
M116R,
M116S,
M116T,
M116V,
M116W,
M116X,
M116Y,
A117A,
A117C,
A117D,
A117E,
A117F,
A117G,
A117H,
A117I,
A117K,
A117L,
A117M,
A117N,
A117P,
A117Q,
A117R,
A117S,
A117T,
A117V,
A117W,
A117X,
A117Y,
D118A,
D118C,
D118D,
D118E,
D118F,
D118G,
D118H,-0.236128346543
D118I,
D118K,
D118L,
D118M,
D118N,
D118P,
D118Q,0.188032289716
D118R,
D118S,
D118T,
D118V,
D118W,
D118X,
D118Y,-1.43526807217
A119A,
A119C,
A119D,
A119E,
A119F,
A119G,
A119H,
A119I,
A119K,
A119L,
A119M,
A119N,
A119P,
A119Q,
A119R,
A119S,
A119T,
A119V,
A119W,
A119X,
A119Y,
M120A,
M120C,
M120D,
M120E,
M120F,
M120G,
M120H,
M120I,
M120K,
M120L,-0.954777800038
M120M,
M120N,
M120P,
M120Q,
M120R,
M120S,
M120T,
M120V,
M120W,
M120X,
M120Y,
R121A,
R121C,
R121D,
R121E,
R121F,
R121G,
R121H,
R121I,
R121K,
R121L,
R121M,
R121N,
R121P,
R121Q,
R121R,
R121S,
R121T,
R121V,
R121W,
R121X,
R121Y,
R122A,
R122C,
R122D,
R122E,
R122F,
R122G,
R122H,
R122I,
R122K,
R122L,-0.212499784498
R122M,
R122N,
R122P,
R122Q,
R122R,
R122S,
R122T,
R122V,
R122W,
R122X,
R122Y,
L123A,
L123C,
L123D,
L123E,
L123F,
L123G,
L123H,
L123I,
L123K,
L123L,
L123M,-0.979755813206
L123N,
L123P,
L123Q,
L123R,-1.35111992077
L123S,
L123T,
L123V,
L123W,
L123X,
L123Y,
H124A,
H124C,
H124D,
H124E,
H124F,
H124G,
H124H,
H124I,
H124K,
H124L,
H124M,
H124N,
H124P,
H124Q,
H124R,
H124S,
H124T,
H124V,
H124W,
H124X,
H124Y,
T125A,
T125C,
T125D,0.48836470874
T125E,
T125F,
T125G,
T125H,
T125I,
T125K,
T125L,
T125M,
T125N,
T125P,
T125Q,
T125R,
T125S,0.377919823558
T125T,
T125V,
T125W,
T125X,
T125Y,
L126A,
L126C,
L126D,
L126E,
L126F,
L126G,
L126H,
L126I,
L126K,
L126L,
L126M,-1.2086621565
L126N,
L126P,
L126Q,
L126R,
L126S,
L126T,
L126V,
L126W,
L126X,
L126Y,
D127A,
D127C,
D127D,
D127E,
D127F,
D127G,
D127H,
D127I,
D127K,
D127L,
D127M,
D127N,
D127P,
D127Q,
D127R,
D127S,
D127T,
D127V,
D127W,
D127X,
D127Y,
P128A,
P128C,
P128D,
P128E,
P128F,
P128G,
P128H,
P128I,-0.0635661060998
P128K,
P128L,
P128M,
P128N,
P128P,
P128Q,
P128R,
P128S,
P128T,-1.31671102491
P128V,
P128W,
P128X,
P128Y,
A129A,
A129C,
A129D,
A129E,
A129F,
A129G,-0.518891856728
A129H,
A129I,
A129K,
A129L,
A129M,-0.0989526112127
A129N,
A129P,
A129Q,
A129R,
A129S,-0.483323439109
A129T,-0.359029583355
A129V,
A129W,
A129X,
A129Y,
T130A,0.124641385864
T130C,0.946572785256
T130D,
T130E,
T130F,
T130G,
T130H,
T130I,
T130K,0.350656997562
T130L,
T130M,
T130N,-0.70180004053
T130P,
T130Q,
T130R,
T130S,-0.0389429284537
T130T,
T130V,
T130W,
T130X,
T130Y,
C131A,
C131C,
C131D,
C131E,
C131F,
C131G,
C131H,
C131I,
C131K,
C131L,
C131M,
C131N,
C131P,
C131Q,
C131R,
C131S,
C131T,
C131V,
C131W,
C131X,
C131Y,
P132A,
P132C,
P132D,
P132E,
P132F,
P132G,
P132H,
P132I,
P132K,
P132L,
P132M,
P132N,
P132P,
P132Q,
P132R,
P132S,
P132T,
P132V,
P132W,
P132X,
P132Y,
F133A,
F133C,
F133D,
F133E,
F133F,
F133G,
F133H,
F133I,
F133K,
F133L,
F133M,
F133N,
F133P,
F133Q,
F133R,
F133S,
F133T,
F133V,
F133W,
F133X,
F133Y,
D134A,
D134C,
D134D,
D134E,
D134F,
D134G,
D134H,
D134I,
D134K,
D134L,
D134M,0.358255108981
D134N,
D134P,
D134Q,
D134R,
D134S,
D134T,
D134V,
D134W,
D134X,
D134Y,
H135A,
H135C,
H135D,
H135E,
H135F,
H135G,
H135H,
H135I,
H135K,
H135L,
H135M,
H135N,
H135P,
H135Q,
H135R,
H135S,
H135T,
H135V,
H135W,
H135X,
H135Y,
Q136A,
Q136C,
Q136D,
Q136E,
Q136F,
Q136G,
Q136H,
Q136I,0.116238076594
Q136K,-0.756272409351
Q136L,
Q136M,
Q136N,
Q136P,
Q136Q,
Q136R,0.00270655437069
Q136S,0.297042112863
Q136T,
Q136V,
Q136W,
Q136X,
Q136Y,
A137A,
A137C,
A137D,
A137E,
A137F,0.685707300874
A137G,
A137H,
A137I,0.452221418639
A137K,-0.041850136941
A137L,
A137M,0.4717602142
A137N,
A137P,
A137Q,
A137R,0.357328004225
A137S,-0.91206655434
A137T,
A137V,0.220986224927
A137W,0.260520946612
A137X,
A137Y,0.532610714824
K138A,
K138C,
K138D,
K138E,
K138F,
K138G,
K138H,
K138I,
K138K,
K138L,
K138M,
K138N,
K138P,
K138Q,
K138R,0.2429570387
K138S,
K138T,
K138V,
K138W,
K138X,
K138Y,
H139A,
H139C,
H139D,
H139E,
H139F,0.215172789941
H139G,
H139H,
H139I,
H139K,
H139L,-0.0132219702891
H139M,
H139N,-0.559724315885
H139P,
H139Q,
H139R,-0.133619284015
H139S,
H139T,
H139V,
H139W,
H139X,
H139Y,
R140A,
R140C,
R140D,
R140E,
R140F,
R140G,
R140H,
R140I,
R140K,
R140L,
R140M,
R140N,
R140P,
R140Q,
R140R,
R140S,
R140T,
R140V,
R140W,
R140X,
R140Y,
I141A,
I141C,
I141D,
I141E,
I141F,
I141G,
I141H,
I141I,
I141K,
I141L,
I141M,
I141N,
I141P,
I141Q,
I141R,
I141S,
I141T,0.225778605747
I141V,0.162867482139
I141W,
I141X,
I141Y,
E142A,
E142C,
E142D,
E142E,
E142F,
E142G,
E142H,
E142I,
E142K,
E142L,
E142M,
E142N,
E142P,
E142Q,
E142R,
E142S,
E142T,
E142V,
E142W,
E142X,
E142Y,
R143A,0.15155537229
R143C,-0.259807397728
R143D,
R143E,
R143F,
R143G,
R143H,0.107731304808
R143I,
R143K,
R143L,-1.23459305143
R143M,
R143N,0.48115146912
R143P,
R143Q,
R143R,
R143S,-0.752714693616
R143T,
R143V,0.623570988157
R143W,
R143X,
R143Y,
A144A,
A144C,
A144D,
A144E,
A144F,
A144G,
A144H,
A144I,
A144K,
A144L,
A144M,
A144N,
A144P,
A144Q,
A144R,
A144S,
A144T,
A144V,
A144W,
A144X,
A144Y,
R145A,
R145C,
R145D,
R145E,
R145F,
R145G,
R145H,-0.364070584699
R145I,
R145K,
R145L,
R145M,
R145N,
R145P,
R145Q,
R145R,
R145S,
R145T,
R145V,
R145W,
R145X,
R145Y,
T146A,
T146C,
T146D,
T146E,
T146F,
T146G,
T146H,
T146I,0.684321483409
T146K,-0.0412730832126
T146L,
T146M,0.63460594976
T146N,
T146P,
T146Q,0.466486475614
T146R,0.367311276609
T146S,
T146T,
T146V,0.584202092224
T146W,
T146X,
T146Y,
R147A,
R147C,
R147D,
R147E,
R147F,
R147G,
R147H,
R147I,
R147K,
R147L,
R147M,
R147N,
R147P,
R147Q,
R147R,
R147S,
R147T,
R147V,
R147W,
R147X,
R147Y,
M148A,
M148C,
M148D,
M148E,
M148F,
M148G,
M148H,
M148I,
M148K,
M148L,
M148M,
M148N,
M148P,
M148Q,
M148R,
M148S,
M148T,
M148V,
M148W,
M148X,
M148Y,
E149A,
E149C,
E149D,
E149E,
E149F,
E149G,
E149H,0.1792150692
E149I,-0.0970765914276
E149K,
E149L,0.598029006069
E149M,
E149N,0.583711113998
E149P,
E149Q,
E149R,0.33902355088
E149S,
E149T,
E149V,0.680026564732
E149W,-0.377800355507
E149X,
E149Y,0.0814985891241
A150A,
A150C,
A150D,
A150E,-1.05198935634
A150F,
A150G,
A150H,0.224962605381
A150I,
A150K,
A150L,
A150M,
A150N,
A150P,
A150Q,
A150R,
A150S,-1.01532553313
A150T,
A150V,
A150W,
A150X,
A150Y,
G151A,
G151C,-0.735495944243
G151D,0.267649600693
G151E,
G151F,
G151G,
G151H,
G151I,
G151K,
G151L,-0.381741862154
G151M,0.0960237663259
G151N,0.672552465094
G151P,
G151Q,
G151R,
G151S,
G151T,
G151V,
G151W,
G151X,
G151Y,-0.121159626859
L152A,
L152C,
L152D,
L152E,
L152F,
L152G,
L152H,
L152I,
L152K,-0.0923074004616
L152L,
L152M,-0.95917042081
L152N,
L152P,
L152Q,
L152R,-0.584676466119
L152S,
L152T,
L152V,
L152W,
L152X,
L152Y,
V153A,
V153C,
V153D,
V153E,
V153F,0.824644386706
V153G,
V153H,
V153I,0.0850860292487
V153K,
V153L,-0.930758303487
V153M,0.326677526338
V153N,
V153P,
V153Q,
V153R,
V153S,
V153T,
V153V,
V153W,
V153X,
V153Y,
D154A,
D154C,
D154D,
D154E,
D154F,
D154G,
D154H,
D154I,
D154K,
D154L,
D154M,
D154N,
D154P,
D154Q,
D154R,
D154S,
D154T,
D154V,
D154W,
D154X,
D154Y,
Q155A,0.671891542321
Q155C,1.26000528144
Q155D,0.52532799578
Q155E,
Q155F,
Q155G,0.422693487867
Q155H,-1.22714052457
Q155I,
Q155K,-0.601677008636
Q155L,
Q155M,0.418137890823
Q155N,
Q155P,
Q155Q,
Q155R,
Q155S,
Q155T,
Q155V,0.750670033074
Q155W,1.50886437149
Q155X,
Q155Y,0.406045942576
D156A,-0.978200068976
D156C,
D156D,
D156E,
D156F,0.0843493369406
D156G,0.453136823877
D156H,
D156I,
D156K,
D156L,
D156M,
D156N,-0.108381032859
D156P,
D156Q,
D156R,
D156S,
D156T,
D156V,
D156W,
D156X,
D156Y,
D157A,
D157C,
D157D,
D157E,
D157F,
D157G,
D157H,
D157I,
D157K,
D157L,
D157M,
D157N,
D157P,
D157Q,
D157R,
D157S,
D157T,
D157V,
D157W,
D157X,
D157Y,
L158A,
L158C,
L158D,
L158E,
L158F,0.785767365353
L158G,
L158H,
L158I,
L158K,
L158L,
L158M,
L158N,
L158P,
L158Q,
L158R,
L158S,
L158T,
L158V,-0.725005807182
L158W,0.845597162078
L158X,
L158Y,0.754875833405
D159A,
D159C,
D159D,
D159E,0.575676168255
D159F,
D159G,
D159H,
D159I,
D159K,
D159L,
D159M,
D159N,
D159P,
D159Q,
D159R,
D159S,
D159T,
D159V,
D159W,
D159X,
D159Y,
E160A,
E160C,-0.581219195868
E160D,0.565279897524
E160E,
E160F,
E160G,
E160H,
E160I,
E160K,
E160L,
E160M,
E160N,
E160P,
E160Q,
E160R,
E160S,
E160T,
E160V,
E160W,
E160X,
E160Y,0.512293675736
E161A,-1.43831078066
E161C,
E161D,
E161E,
E161F,
E161G,
E161H,
E161I,
E161K,
E161L,
E161M,
E161N,
E161P,
E161Q,
E161R,
E161S,
E161T,
E161V,
E161W,
E161X,
E161Y,
H162A,
H162C,
H162D,
H162E,
H162F,
H162G,
H162H,
H162I,
H162K,
H162L,
H162M,
H162N,0.166423164164
H162P,
H162Q,
H162R,
H162S,
H162T,
H162V,
H162W,
H162X,
H162Y,
Q163A,
Q163C,0.128370747361
Q163D,
Q163E,0.49022457004
Q163F,0.337146075322
Q163G,
Q163H,-0.419415699308
Q163I,0.715695833879
Q163K,-0.954483116292
Q163L,0.461355325183
Q163M,0.808700265391
Q163N,
Q163P,
Q163Q,
Q163R,
Q163S,
Q163T,
Q163V,1.47539899542
Q163W,0.206562764931
Q163X,
Q163Y,
G164A,
G164C,
G164D,
G164E,
G164F,
G164G,
G164H,
G164I,
G164K,
G164L,
G164M,
G164N,
G164P,
G164Q,
G164R,
G164S,
G164T,
G164V,
G164W,
G164X,
G164Y,
L165A,
L165C,
L165D,
L165E,
L165F,0.221467711434
L165G,
L165H,-0.031510532814
L165I,0.410037213231
L165K,
L165L,
L165M,-0.655469524404
L165N,
L165P,
L165Q,0.313328905228
L165R,
L165S,
L165T,
L165V,0.15822860461
L165W,
L165X,
L165Y,0.265466459619
A166A,
A166C,-0.0509671931528
A166D,
A166E,-0.801851650999
A166F,
A166G,
A166H,
A166I,
A166K,
A166L,0.295328390089
A166M,0.324475133733
A166N,
A166P,
A166Q,
A166R,0.574017346346
A166S,
A166T,0.167157093407
A166V,
A166W,
A166X,
A166Y,
P167A,
P167C,
P167D,
P167E,
P167F,
P167G,
P167H,
P167I,0.536449244663
P167K,
P167L,0.368364063044
P167M,
P167N,
P167P,
P167Q,
P167R,
P167S,
P167T,
P167V,
P167W,
P167X,
P167Y,
A168A,
A168C,
A168D,
A168E,-0.588297151357
A168F,
A168G,
A168H,
A168I,
A168K,
A168L,
A168M,0.46105923369
A168N,
A168P,-0.0883116601931
A168Q,
A168R,-0.031291203838
A168S,-0.629727998809
A168T,-0.202328908627
A168V,-0.171214067118
A168W,0.242254622673
A168X,
A168Y,
E169A,
E169C,
E169D,
E169E,
E169F,
E169G,
E169H,
E169I,
E169K,
E169L,
E169M,
E169N,
E169P,
E169Q,
E169R,
E169S,
E169T,
E169V,
E169W,
E169X,
E169Y,
L170A,
L170C,
L170D,
L170E,
L170F,
L170G,
L170H,
L170I,
L170K,
L170L,
L170M,
L170N,
L170P,
L170Q,
L170R,
L170S,
L170T,
L170V,
L170W,
L170X,
L170Y,
F171A,
F171C,
F171D,
F171E,
F171F,
F171G,
F171H,
F171I,
F171K,
F171L,-1.04237611491
F171M,
F171N,
F171P,
F171Q,
F171R,
F171S,
F171T,
F171V,
F171W,
F171X,
F171Y,
A172A,
A172C,0.381657432615
A172D,0.235016951944
A172E,-0.0599068569948
A172F,-0.485628229123
A172G,-0.0970314054171
A172H,0.0217371893198
A172I,-0.152705754222
A172K,0.233548057403
A172L,0.387553388318
A172M,0.417278105807
A172N,0.394386011019
A172P,
A172Q,0.221029413777
A172R,0.104357630446
A172S,-0.298855387995
A172T,-0.182651160032
A172V,-0.146078468132
A172W,
A172X,
A172Y,-0.0600794901084
R173A,
R173C,-0.182489131269
R173D,
R173E,0.429157711234
R173F,-0.40539786513
R173G,
R173H,-0.310082595473
R173I,0.0657652181795
R173K,-0.00837778358512
R173L,-0.0589355132545
R173M,1.0689083731
R173N,-0.00451512054692
R173P,
R173Q,
R173R,
R173S,
R173T,-0.0983713339495
R173V,
R173W,0.202675232238
R173X,
R173Y,
L174A,0.147625002548
L174C,
L174D,
L174E,
L174F,
L174G,
L174H,
L174I,
L174K,
L174L,
L174M,-1.38218866389
L174N,
L174P,
L174Q,
L174R,
L174S,
L174T,
L174V,
L174W,
L174X,
L174Y,
K175A,
K175C,
K175D,
K175E,
K175F,
K175G,
K175H,
K175I,
K175K,
K175L,
K175M,
K175N,-0.27463310909
K175P,
K175Q,
K175R,
K175S,
K175T,
K175V,
K175W,
K175X,
K175Y,
A176A,
A176C,-0.161822493127
A176D,0.42533592895
A176E,-0.668010929753
A176F,
A176G,-0.0679549256112
A176H,0.22102096953
A176I,-0.359726605417
A176K,
A176L,-0.238640775846
A176M,-0.117097191168
A176N,0.0412904745164
A176P,0.338407342432
A176Q,0.189279871121
A176R,
A176S,-0.356881499522
A176T,
A176V,-0.59789860208
A176W,-1.12622646865
A176X,
A176Y,0.430953963755
R177A,1.06784572611
R177C,0.541694356173
R177D,0.812417304811
R177E,0.579699641619
R177F,0.681028864416
R177G,0.838161575731
R177H,0.809819292343
R177I,0.819548724973
R177K,
R177L,0.305297458589
R177M,0.721463116268
R177N,0.692060297851
R177P,-0.243775104733
R177Q,0.453106946853
R177R,
R177S,0.793067698088
R177T,1.266703784
R177V,0.672067499547
R177W,0.827138571895
R177X,
R177Y,0.993214754548
M178A,
M178C,
M178D,
M178E,
M178F,0.513327081009
M178G,
M178H,
M178I,-0.925699890115
M178K,
M178L,0.259270910092
M178M,
M178N,
M178P,
M178Q,0.328832285101
M178R,0.25905511801
M178S,
M178T,
M178V,-0.238511735482
M178W,0.471288013114
M178X,
M178Y,0.65730436185
P179A,
P179C,
P179D,
P179E,
P179F,
P179G,
P179H,
P179I,0.28353286312
P179K,
P179L,
P179M,-0.13389853804
P179N,
P179P,
P179Q,
P179R,
P179S,
P179T,
P179V,
P179W,
P179X,
P179Y,
D180A,
D180C,0.27973805667
D180D,
D180E,
D180F,
D180G,
D180H,-0.13215978891
D180I,
D180K,0.514088726486
D180L,
D180M,
D180N,
D180P,
D180Q,
D180R,
D180S,
D180T,-0.179313736588
D180V,
D180W,
D180X,
D180Y,-1.00472268139
G181A,0.0958694176441
G181C,-0.907061512382
G181D,
G181E,
G181F,
G181G,
G181H,
G181I,
G181K,
G181L,
G181M,
G181N,
G181P,
G181Q,
G181R,
G181S,0.370991715531
G181T,
G181V,-0.963462097729
G181W,
G181X,
G181Y,
E182A,
E182C,
E182D,
E182E,
E182F,
E182G,
E182H,
E182I,
E182K,
E182L,
E182M,
E182N,
E182P,
E182Q,
E182R,
E182S,
E182T,
E182V,
E182W,
E182X,
E182Y,
D183A,
D183C,
D183D,
D183E,
D183F,
D183G,
D183H,
D183I,
D183K,
D183L,
D183M,
D183N,
D183P,
D183Q,
D183R,
D183S,
D183T,
D183V,
D183W,
D183X,
D183Y,
L184A,
L184C,
L184D,
L184E,
L184F,
L184G,
L184H,
L184I,
L184K,
L184L,
L184M,
L184N,
L184P,
L184Q,
L184R,
L184S,
L184T,
L184V,
L184W,
L184X,
L184Y,
V185A,
V185C,
V185D,
V185E,
V185F,
V185G,
V185H,
V185I,
V185K,
V185L,
V185M,
V185N,
V185P,
V185Q,
V185R,
V185S,
V185T,
V185V,
V185W,
V185X,
V185Y,
V186A,
V186C,
V186D,
V186E,
V186F,
V186G,
V186H,
V186I,
V186K,
V186L,
V186M,
V186N,
V186P,
V186Q,
V186R,
V186S,
V186T,
V186V,
V186W,
V186X,
V186Y,
T187A,
T187C,
T187D,
T187E,
T187F,
T187G,
T187H,
T187I,
T187K,
T187L,
T187M,
T187N,
T187P,
T187Q,
T187R,
T187S,
T187T,
T187V,
T187W,
T187X,
T187Y,
H188A,
H188C,
H188D,
H188E,
H188F,
H188G,
H188H,
H188I,
H188K,
H188L,
H188M,
H188N,
H188P,
H188Q,
H188R,
H188S,
H188T,
H188V,
H188W,
H188X,
H188Y,
G189A,
G189C,
G189D,
G189E,
G189F,
G189G,
G189H,
G189I,
G189K,
G189L,
G189M,
G189N,
G189P,
G189Q,
G189R,
G189S,
G189T,
G189V,
G189W,
G189X,
G189Y,
D190A,
D190C,
D190D,
D190E,
D190F,
D190G,
D190H,
D190I,
D190K,
D190L,
D190M,
D190N,
D190P,
D190Q,
D190R,
D190S,
D190T,
D190V,
D190W,
D190X,
D190Y,
A191A,
A191C,
A191D,
A191E,
A191F,1.08318789901
A191G,
A191H,
A191I,
A191K,
A191L,
A191M,0.169340679928
A191N,
A191P,
A191Q,
A191R,
A191S,-0.922739230469
A191T,
A191V,
A191W,
A191X,
A191Y,
C192A,
C192C,
C192D,
C192E,
C192F,
C192G,
C192H,
C192I,
C192K,0.398850619451
C192L,
C192M,
C192N,
C192P,
C192Q,
C192R,
C192S,
C192T,0.907734609038
C192V,
C192W,
C192X,
C192Y,
L193A,
L193C,
L193D,
L193E,
L193F,
L193G,
L193H,
L193I,
L193K,
L193L,
L193M,-0.661219594387
L193N,
L193P,
L193Q,
L193R,
L193S,
L193T,
L193V,
L193W,
L193X,
L193Y,
P194A,
P194C,
P194D,
P194E,
P194F,
P194G,
P194H,
P194I,
P194K,
P194L,
P194M,
P194N,
P194P,
P194Q,
P194R,
P194S,
P194T,
P194V,
P194W,
P194X,
P194Y,
N195A,
N195C,
N195D,
N195E,
N195F,
N195G,
N195H,
N195I,
N195K,
N195L,
N195M,
N195N,
N195P,
N195Q,
N195R,
N195S,
N195T,
N195V,
N195W,
N195X,
N195Y,
I196A,
I196C,
I196D,
I196E,
I196F,
I196G,
I196H,
I196I,
I196K,
I196L,
I196M,
I196N,
I196P,
I196Q,
I196R,
I196S,
I196T,
I196V,
I196W,
I196X,
I196Y,
M197A,
M197C,
M197D,
M197E,
M197F,
M197G,
M197H,
M197I,-0.425990200407
M197K,
M197L,0.0455112430339
M197M,
M197N,
M197P,
M197Q,
M197R,
M197S,
M197T,
M197V,
M197W,
M197X,
M197Y,
V198A,
V198C,
V198D,
V198E,
V198F,
V198G,
V198H,
V198I,
V198K,
V198L,
V198M,
V198N,
V198P,
V198Q,
V198R,
V198S,
V198T,
V198V,
V198W,
V198X,
V198Y,
E199A,
E199C,
E199D,
E199E,
E199F,
E199G,
E199H,0.994486324701
E199I,
E199K,
E199L,
E199M,
E199N,0.0141848848035
E199P,
E199Q,
E199R,
E199S,
E199T,
E199V,
E199W,
E199X,
E199Y,
N200A,
N200C,
N200D,
N200E,
N200F,
N200G,
N200H,
N200I,
N200K,-0.62984887822
N200L,
N200M,
N200N,
N200P,
N200Q,
N200R,
N200S,
N200T,
N200V,
N200W,
N200X,
N200Y,
G201A,
G201C,
G201D,
G201E,
G201F,
G201G,
G201H,
G201I,
G201K,
G201L,
G201M,
G201N,
G201P,
G201Q,
G201R,
G201S,
G201T,
G201V,
G201W,
G201X,
G201Y,
R202A,
R202C,
R202D,
R202E,
R202F,
R202G,
R202H,
R202I,
R202K,
R202L,
R202M,
R202N,
R202P,
R202Q,
R202R,
R202S,
R202T,
R202V,
R202W,
R202X,
R202Y,
F203A,
F203C,
F203D,
F203E,
F203F,
F203G,
F203H,
F203I,
F203K,
F203L,
F203M,
F203N,
F203P,
F203Q,
F203R,
F203S,
F203T,
F203V,
F203W,
F203X,
F203Y,
S204A,
S204C,
S204D,
S204E,
S204F,
S204G,
S204H,
S204I,
S204K,
S204L,
S204M,
S204N,
S204P,
S204Q,
S204R,-1.17575508771
S204S,
S204T,
S204V,
S204W,
S204X,
S204Y,
G205A,
G205C,
G205D,
G205E,
G205F,
G205G,
G205H,
G205I,
G205K,
G205L,
G205M,
G205N,
G205P,
G205Q,
G205R,
G205S,
G205T,
G205V,
G205W,
G205X,
G205Y,
F206A,
F206C,
F206D,
F206E,
F206F,
F206G,
F206H,
F206I,
F206K,
F206L,
F206M,
F206N,
F206P,
F206Q,
F206R,
F206S,
F206T,
F206V,
F206W,
F206X,
F206Y,
I207A,
I207C,
I207D,
I207E,
I207F,
I207G,
I207H,
I207I,
I207K,
I207L,
I207M,
I207N,
I207P,
I207Q,
I207R,
I207S,
I207T,
I207V,
I207W,
I207X,
I207Y,
D208A,
D208C,
D208D,
D208E,
D208F,
D208G,
D208H,
D208I,
D208K,
D208L,
D208M,
D208N,
D208P,
D208Q,
D208R,
D208S,
D208T,
D208V,
D208W,
D208X,
D208Y,
C209A,
C209C,
C209D,
C209E,
C209F,
C209G,
C209H,
C209I,
C209K,
C209L,
C209M,
C209N,
C209P,
C209Q,
C209R,
C209S,
C209T,
C209V,
C209W,
C209X,
C209Y,
G210A,
G210C,
G210D,
G210E,
G210F,
G210G,
G210H,
G210I,
G210K,
G210L,
G210M,
G210N,
G210P,
G210Q,
G210R,
G210S,
G210T,
G210V,
G210W,
G210X,
G210Y,
R211A,
R211C,
R211D,
R211E,
R211F,
R211G,
R211H,
R211I,
R211K,
R211L,
R211M,
R211N,
R211P,
R211Q,
R211R,
R211S,
R211T,
R211V,
R211W,
R211X,
R211Y,
L212A,
L212C,
L212D,
L212E,
L212F,
L212G,
L212H,
L212I,
L212K,
L212L,
L212M,-1.04246088714
L212N,
L212P,
L212Q,
L212R,
L212S,
L212T,
L212V,
L212W,
L212X,
L212Y,
G213A,
G213C,
G213D,
G213E,
G213F,
G213G,
G213H,
G213I,
G213K,
G213L,
G213M,
G213N,
G213P,
G213Q,
G213R,
G213S,
G213T,
G213V,
G213W,
G213X,
G213Y,
V214A,
V214C,
V214D,
V214E,
V214F,
V214G,
V214H,
V214I,
V214K,
V214L,
V214M,
V214N,
V214P,
V214Q,
V214R,
V214S,
V214T,
V214V,
V214W,
V214X,
V214Y,
A215A,
A215C,
A215D,
A215E,
A215F,
A215G,
A215H,
A215I,
A215K,
A215L,
A215M,
A215N,
A215P,
A215Q,
A215R,
A215S,
A215T,
A215V,
A215W,
A215X,
A215Y,
D216A,
D216C,
D216D,
D216E,
D216F,
D216G,
D216H,
D216I,
D216K,
D216L,
D216M,
D216N,
D216P,
D216Q,
D216R,
D216S,
D216T,
D216V,
D216W,
D216X,
D216Y,
R217A,
R217C,
R217D,
R217E,
R217F,
R217G,
R217H,
R217I,
R217K,
R217L,
R217M,
R217N,
R217P,
R217Q,
R217R,
R217S,
R217T,
R217V,
R217W,
R217X,
R217Y,
Y218A,
Y218C,
Y218D,
Y218E,
Y218F,
Y218G,
Y218H,
Y218I,
Y218K,
Y218L,
Y218M,0.435723895928
Y218N,
Y218P,
Y218Q,
Y218R,
Y218S,
Y218T,
Y218V,
Y218W,
Y218X,
Y218Y,
Q219A,
Q219C,
Q219D,
Q219E,
Q219F,
Q219G,
Q219H,
Q219I,
Q219K,
Q219L,
Q219M,
Q219N,
Q219P,
Q219Q,
Q219R,
Q219S,
Q219T,
Q219V,
Q219W,
Q219X,
Q219Y,
D220A,
D220C,
D220D,
D220E,
D220F,
D220G,
D220H,
D220I,
D220K,
D220L,
D220M,
D220N,
D220P,
D220Q,
D220R,
D220S,
D220T,
D220V,
D220W,
D220X,
D220Y,
I221A,
I221C,
I221D,
I221E,
I221F,
I221G,
I221H,
I221I,
I221K,
I221L,0.439523283565
I221M,
I221N,
I221P,
I221Q,
I221R,
I221S,
I221T,
I221V,
I221W,
I221X,
I221Y,
A222A,
A222C,
A222D,
A222E,
A222F,
A222G,
A222H,
A222I,
A222K,
A222L,
A222M,
A222N,
A222P,
A222Q,
A222R,
A222S,
A222T,
A222V,
A222W,
A222X,
A222Y,
L223A,
L223C,
L223D,
L223E,
L223F,
L223G,
L223H,
L223I,
L223K,
L223L,
L223M,
L223N,
L223P,
L223Q,
L223R,
L223S,
L223T,
L223V,
L223W,
L223X,
L223Y,
A224A,
A224C,
A224D,
A224E,
A224F,
A224G,
A224H,
A224I,
A224K,
A224L,
A224M,
A224N,
A224P,
A224Q,
A224R,
A224S,
A224T,
A224V,
A224W,
A224X,
A224Y,
T225A,
T225C,0.433970592226
T225D,
T225E,
T225F,
T225G,
T225H,-0.0479352712145
T225I,
T225K,
T225L,
T225M,
T225N,
T225P,
T225Q,
T225R,
T225S,
T225T,
T225V,0.283999425642
T225W,
T225X,
T225Y,
R226A,
R226C,
R226D,
R226E,
R226F,
R226G,
R226H,
R226I,
R226K,
R226L,
R226M,
R226N,
R226P,
R226Q,
R226R,
R226S,
R226T,
R226V,
R226W,
R226X,
R226Y,
D227A,
D227C,
D227D,
D227E,0.52488459436
D227F,
D227G,
D227H,
D227I,
D227K,
D227L,
D227M,
D227N,
D227P,
D227Q,
D227R,
D227S,
D227T,
D227V,
D227W,
D227X,
D227Y,
I228A,
I228C,
I228D,
I228E,
I228F,
I228G,
I228H,
I228I,
I228K,
I228L,
I228M,
I228N,
I228P,
I228Q,
I228R,
I228S,
I228T,
I228V,
I228W,
I228X,
I228Y,
A229A,
A229C,
A229D,
A229E,
A229F,
A229G,
A229H,
A229I,
A229K,
A229L,
A229M,
A229N,
A229P,
A229Q,
A229R,
A229S,
A229T,
A229V,
A229W,
A229X,
A229Y,
E230A,
E230C,
E230D,
E230E,
E230F,
E230G,
E230H,0.711554065537
E230I,
E230K,
E230L,
E230M,
E230N,
E230P,
E230Q,
E230R,
E230S,0.821880662698
E230T,
E230V,
E230W,
E230X,
E230Y,
E231A,
E231C,
E231D,
E231E,
E231F,
E231G,
E231H,
E231I,
E231K,
E231L,
E231M,
E231N,
E231P,
E231Q,
E231R,
E231S,
E231T,
E231V,
E231W,
E231X,
E231Y,0.864648472677
L232A,
L232C,
L232D,
L232E,
L232F,
L232G,
L232H,
L232I,
L232K,
L232L,
L232M,-0.34291677648
L232N,
L232P,
L232Q,
L232R,
L232S,
L232T,
L232V,
L232W,
L232X,
L232Y,
G233A,
G233C,
G233D,
G233E,
G233F,
G233G,
G233H,
G233I,
G233K,
G233L,
G233M,
G233N,
G233P,
G233Q,
G233R,
G233S,
G233T,
G233V,
G233W,
G233X,
G233Y,
G234A,0.7280732359
G234C,-0.52379251692
G234D,0.607171835954
G234E,
G234F,
G234G,
G234H,
G234I,
G234K,0.744989705606
G234L,0.34128266986
G234M,0.495056563482
G234N,0.508002803826
G234P,0.889546393559
G234Q,1.1128004731
G234R,0.454350277835
G234S,-0.123814925105
G234T,
G234V,-0.812338273298
G234W,0.461579794592
G234X,
G234Y,
E235A,
E235C,
E235D,
E235E,
E235F,
E235G,
E235H,
E235I,
E235K,
E235L,
E235M,
E235N,
E235P,
E235Q,
E235R,
E235S,
E235T,
E235V,
E235W,
E235X,
E235Y,
W236A,
W236C,
W236D,
W236E,
W236F,
W236G,
W236H,
W236I,
W236K,
W236L,
W236M,
W236N,
W236P,
W236Q,
W236R,
W236S,
W236T,
W236V,
W236W,
W236X,
W236Y,
A237A,
A237C,
A237D,
A237E,
A237F,
A237G,
A237H,
A237I,
A237K,
A237L,
A237M,
A237N,
A237P,
A237Q,
A237R,
A237S,
A237T,
A237V,
A237W,
A237X,
A237Y,
D238A,0.512219722164
D238C,0.586588583528
D238D,
D238E,
D238F,0.196797310429
D238G,
D238H,
D238I,
D238K,0.769295598486
D238L,
D238M,0.97258970422
D238N,
D238P,
D238Q,0.840917241358
D238R,
D238S,
D238T,
D238V,
D238W,
D238X,
D238Y,-0.410233619892
R239A,
R239C,
R239D,
R239E,0.174060091583
R239F,
R239G,
R239H,
R239I,
R239K,
R239L,
R239M,
R239N,
R239P,
R239Q,
R239R,
R239S,
R239T,
R239V,
R239W,
R239X,
R239Y,
F240A,
F240C,-1.27974197378
F240D,
F240E,
F240F,
F240G,
F240H,
F240I,
F240K,
F240L,
F240M,
F240N,
F240P,
F240Q,
F240R,
F240S,
F240T,
F240V,
F240W,
F240X,
F240Y,
L241A,
L241C,
L241D,
L241E,
L241F,
L241G,
L241H,
L241I,
L241K,
L241L,
L241M,
L241N,
L241P,
L241Q,
L241R,
L241S,
L241T,
L241V,
L241W,
L241X,
L241Y,
V242A,
V242C,-0.0149551363653
V242D,0.41843781192
V242E,0.698836876455
V242F,
V242G,
V242H,
V242I,
V242K,1.11563955582
V242L,-0.633493533103
V242M,
V242N,0.923204561454
V242P,
V242Q,0.224291919327
V242R,0.423301792774
V242S,
V242T,
V242V,
V242W,
V242X,
V242Y,
L243A,
L243C,
L243D,
L243E,0.652878397554
L243F,
L243G,
L243H,
L243I,
L243K,
L243L,
L243M,-0.106464005556
L243N,
L243P,
L243Q,
L243R,
L243S,
L243T,
L243V,
L243W,
L243X,
L243Y,
Y244A,
Y244C,
Y244D,
Y244E,
Y244F,
Y244G,
Y244H,
Y244I,
Y244K,
Y244L,
Y244M,
Y244N,
Y244P,
Y244Q,
Y244R,
Y244S,
Y244T,
Y244V,
Y244W,
Y244X,
Y244Y,
G245A,
G245C,
G245D,
G245E,
G245F,
G245G,
G245H,
G245I,
G245K,
G245L,
G245M,
G245N,
G245P,
G245Q,
G245R,
G245S,
G245T,
G245V,
G245W,
G245X,
G245Y,
I246A,
I246C,
I246D,
I246E,
I246F,
I246G,
I246H,
I246I,
I246K,
I246L,
I246M,
I246N,
I246P,
I246Q,
I246R,
I246S,
I246T,
I246V,
I246W,
I246X,
I246Y,
A247A,
A247C,
A247D,
A247E,
A247F,
A247G,
A247H,
A247I,
A247K,
A247L,
A247M,
A247N,
A247P,
A247Q,0.485728059852
A247R,
A247S,-0.0749552885416
A247T,
A247V,
A247W,
A247X,
A247Y,
A248A,
A248C,
A248D,
A248E,
A248F,
A248G,
A248H,
A248I,
A248K,
A248L,
A248M,
A248N,
A248P,
A248Q,
A248R,
A248S,
A248T,
A248V,
A248W,
A248X,
A248Y,
P249A,
P249C,
P249D,
P249E,
P249F,
P249G,
P249H,
P249I,
P249K,0.0897086193912
P249L,
P249M,-0.198300656208
P249N,
P249P,
P249Q,
P249R,
P249S,
P249T,
P249V,
P249W,
P249X,
P249Y,
D250A,
D250C,
D250D,
D250E,
D250F,
D250G,
D250H,
D250I,
D250K,
D250L,
D250M,
D250N,
D250P,
D250Q,
D250R,
D250S,
D250T,
D250V,
D250W,
D250X,
D250Y,
S251A,
S251C,
S251D,
S251E,
S251F,
S251G,
S251H,
S251I,
S251K,0.775414932969
S251L,0.338405847466
S251M,0.655939659907
S251N,
S251P,
S251Q,
S251R,-0.706293044306
S251S,
S251T,
S251V,
S251W,1.23024020765
S251X,
S251Y,
Q252A,
Q252C,
Q252D,
Q252E,
Q252F,
Q252G,
Q252H,
Q252I,
Q252K,-0.230001563416
Q252L,
Q252M,
Q252N,
Q252P,
Q252Q,
Q252R,
Q252S,
Q252T,
Q252V,
Q252W,
Q252X,
Q252Y,
R253A,
R253C,
R253D,
R253E,
R253F,
R253G,
R253H,
R253I,
R253K,0.523003620457
R253L,
R253M,
R253N,
R253P,
R253Q,
R253R,
R253S,
R253T,
R253V,
R253W,
R253X,
R253Y,
I254A,
I254C,
I254D,
I254E,
I254F,
I254G,
I254H,
I254I,
I254K,
I254L,0.492433733636
I254M,
I254N,
I254P,
I254Q,
I254R,
I254S,
I254T,
I254V,
I254W,
I254X,
I254Y,
A255A,
A255C,
A255D,
A255E,-0.390731897182
A255F,
A255G,
A255H,
A255I,
A255K,
A255L,
A255M,
A255N,
A255P,
A255Q,
A255R,
A255S,
A255T,
A255V,
A255W,
A255X,
A255Y,
F256A,
F256C,
F256D,
F256E,
F256F,
F256G,
F256H,
F256I,
F256K,
F256L,
F256M,
F256N,
F256P,
F256Q,
F256R,
F256S,
F256T,
F256V,
F256W,
F256X,
F256Y,
Y257A,
Y257C,
Y257D,
Y257E,
Y257F,
Y257G,
Y257H,
Y257I,
Y257K,
Y257L,
Y257M,
Y257N,
Y257P,
Y257Q,
Y257R,
Y257S,
Y257T,
Y257V,
Y257W,
Y257X,
Y257Y,
R258A,
R258C,
R258D,
R258E,
R258F,
R258G,
R258H,
R258I,
R258K,
R258L,
R258M,
R258N,
R258P,
R258Q,
R258R,
R258S,
R258T,
R258V,
R258W,
R258X,
R258Y,
L259A,
L259C,
L259D,
L259E,
L259F,
L259G,
L259H,
L259I,
L259K,
L259L,
L259M,
L259N,
L259P,
L259Q,
L259R,
L259S,
L259T,
L259V,
L259W,
L259X,
L259Y,
L260A,
L260C,
L260D,
L260E,
L260F,
L260G,
L260H,
L260I,
L260K,
L260L,
L260M,-0.277486741521
L260N,
L260P,
L260Q,
L260R,
L260S,
L260T,
L260V,
L260W,
L260X,
L260Y,
D261A,
D261C,
D261D,
D261E,
D261F,
D261G,
D261H,
D261I,
D261K,
D261L,
D261M,
D261N,
D261P,
D261Q,
D261R,
D261S,
D261T,
D261V,
D261W,
D261X,
D261Y,
E262A,
E262C,
E262D,
E262E,
E262F,
E262G,
E262H,
E262I,
E262K,
E262L,
E262M,
E262N,
E262P,
E262Q,
E262R,
E262S,
E262T,
E262V,
E262W,
E262X,
E262Y,
F263A,
F263C,
F263D,
F263E,
F263F,
F263G,
F263H,
F263I,
F263K,
F263L,
F263M,
F263N,
F263P,
F263Q,
F263R,
F263S,
F263T,
F263V,
F263W,
F263X,
F263Y,
F264A,
F264C,
F264D,
F264E,
F264F,
F264G,
F264H,
F264I,
F264K,
F264L,
F264M,
F264N,
F264P,
F264Q,
F264R,
F264S,
F264T,
F264V,
F264W,
F264X,
F264Y,
