mutids,Selection.NiA_norm,Input.NiA_norm
Q002A,15.2316712026,13.8398926837
Q002C,14.4907882149,13.6663349751
Q002D,14.1425059775,13.4878400338
Q002E,13.931937852,13.2138636527
Q002F,13.7026056021,12.2197735509
Q002G,14.7616551094,13.6050164479
Q002H,16.1206428898,15.0368175291
Q002I,14.8203285704,13.6860627499
Q002K,14.5131107169,13.3114645154
Q002L,16.5398252249,15.2915304647
Q002M,14.3369249142,13.0166342068
Q002N,15.2675548171,14.299637328
Q002P,17.3554027187,16.055875527
Q002R,16.6090488482,15.1888592484
Q002S,15.7537651783,14.6137319212
Q002T,15.8029201986,14.6068100174
Q002V,14.7887183327,13.7650788596
Q002W,13.5260101071,12.1944490795
Q002Y,14.8134304936,13.5460503907
Y003A,14.5851386002,14.584727668
Y003C,12.3406846544,12.2494097853
Y003D,7.56985560833,13.4941055481
Y003E,6.91886323727,12.950555897
Y003F,14.5159461791,13.6500419897
Y003G,9.1395513524,13.2262616533
Y003H,16.0576956422,15.0653319806
Y003I,12.4181161412,13.4260026133
Y003K,10.0887882387,13.5651020784
Y003L,15.7937303015,15.3425608565
Y003M,13.2612134514,13.199518989
Y003N,12.043369114,14.4227218209
Y003P,13.7399915147,16.8162461929
Y003Q,12.6059424396,14.2825093062
Y003R,12.0738068472,14.8938703048
Y003S,14.1535520317,15.2138256906
Y003T,13.5268659794,15.4675737106
Y003V,12.779924502,13.7019561783
Y003W,13.2582715763,12.313166476
K004A,14.7403078143,14.4619909506
K004C,12.4845711809,12.0891193979
K004D,13.3494194643,13.3411017991
K004E,13.1667907507,13.0953970228
K004F,14.0789013211,13.6810187399
K004G,13.8238647726,13.8563282563
K004H,13.824759899,13.4456615333
K004I,15.2760880466,14.5376430884
K004L,16.132459565,14.931014468
K004M,14.7662700781,14.0379758552
K004N,14.7761759729,14.5166849493
K004P,11.996120363,16.1521461759
K004Q,13.6510516912,13.0182001788
K004R,15.2749240841,14.4556482973
K004S,15.330356717,14.9647920907
K004T,16.0556637366,15.5217231127
K004V,14.8813529876,14.1417080267
K004W,12.8249587405,12.1379517347
K004Y,14.1059085086,13.6892336297
L005A,16.6121629842,16.6449687773
L005C,15.1966405446,14.7658558528
L005D,7.79441586635,15.0053613877
L005E,8.40087943628,14.7169266094
L005F,13.8304161718,13.9834390022
L005G,14.1573469354,15.530711134
L005H,14.8711833246,16.5005929459
L005I,12.3864014236,13.8758453232
L005K,9.1497471195,14.5332080424
L005M,14.4419067045,15.0928397104
L005N,14.3049929472,14.8718571214
L005P,10.6873756834,17.031205805
L005Q,14.37856581,15.8976091462
L005R,10.7364019313,16.557777791
L005S,16.1316761302,16.5548586123
L005T,16.5391133626,16.5253525746
L005V,15.7375378389,15.4128675109
L005W,10.1649069267,13.7523806466
L005Y,12.7340744914,15.5417621349
I006A,12.1901333219,11.8458820344
I006C,14.5188989928,13.9400382474
I006D,12.6103328019,12.3605727815
I006E,12.9769220679,11.996826528
I006F,14.1999790076,13.0717975223
I006G,14.2582715763,13.2727755633
I006H,15.6150260891,14.7010356604
I006K,12.7644569636,11.8548683833
I006L,16.9591076657,15.664419506
I006M,14.8940124632,14.3721168625
I006N,12.8931118897,12.3671416946
I006P,8.44708322621,15.5843753471
I006Q,16.0666988762,15.1381917905
I006R,16.847571244,15.9196547884
I006S,15.2528871411,14.8413677819
I006T,15.809341084,14.9150390555
I006V,12.6548597542,11.7879025594
I006W,15.6174961628,14.539401179
I006Y,15.7379074764,14.4517906497
L007A,15.7591079685,15.07028869
L007C,14.4443031547,13.6037422381
L007D,8.89784545601,13.5238069582
L007E,12.0491678724,14.1569520983
L007F,11.9869086247,12.6231956355
L007G,13.9843294448,15.0979909471
L007H,10.5225815313,13.9351650496
L007I,15.1767185767,13.6222806552
L007K,12.5454471817,13.6958807503
L007M,13.620448952,14.106726502
L007N,12.1373113907,13.6227382179
L007P,15.4766196462,15.6292427665
L007Q,12.6535168794,14.3300065058
L007R,13.3016390856,15.5972669483
L007S,15.4429434958,15.2987069956
L007T,16.0106810738,15.4543314274
L007V,15.6966415794,14.5771927657
L007W,10.3553510964,13.6522848118
L007Y,11.1299269335,13.3734089602
N008A,16.1620175455,15.3407541869
N008C,14.2875681028,13.3469291961
N008D,14.1898245589,13.4890953154
N008E,15.0134099165,14.3209415403
N008F,14.378701268,12.9162526988
N008G,15.4027789253,14.7412562971
N008H,14.696206869,13.5218457752
N008I,13.6069834704,12.9529232104
N008K,14.9765193741,13.8144823309
N008L,16.0068081821,15.2713171169
N008M,13.9043523767,13.5392800002
N008P,10.5468944599,15.248705896
N008Q,15.1444192607,14.2207561845
N008R,16.7439139944,15.4487938618
N008S,15.8332113023,15.1357894336
N008T,15.3449893446,15.1547785609
N008V,15.1985601455,14.5632558668
N008W,14.8483295209,13.7157475428
N008Y,14.5105169406,13.0593444608
G009A,16.4707224163,16.0070491735
G009C,13.9812104883,13.8496983019
G009D,12.4154777077,14.5383102026
G009E,11.6786001391,14.0332509141
G009F,12.5764843468,13.7376698632
G009H,12.3205185246,13.802718296
G009I,12.7911628886,14.8575436897
G009K,12.1845654524,14.4233129144
G009L,13.5681936539,15.1306107801
G009M,12.8392037881,14.8094666985
G009N,12.8313072438,15.083770164
G009P,14.2108996003,15.4925417187
G009Q,11.2082343583,13.3872095807
G009R,13.9769220679,15.217768415
G009S,15.3781254838,15.8723382121
G009T,15.4286545969,16.347379146
G009V,13.3959357207,15.2843903592
G009W,12.1972166931,13.2983490157
G009Y,12.7494504656,13.9555591006
K010A,15.1035337014,14.3946636504
K010C,13.8126787114,13.0457596614
K010D,15.2535151306,14.5301624532
K010E,14.5577628359,13.957374154
K010F,13.9054810254,13.1393914704
K010G,15.4416473903,15.2215493618
K010H,15.1816181684,14.2523697679
K010I,14.3073431359,13.4409989005
K010L,15.8658299112,14.9901482938
K010M,14.3552822639,14.0539258815
K010N,15.6879770456,14.7008731551
K010P,13.6053637645,14.1415483836
K010Q,14.1059085086,13.3381792499
K010R,16.6976870647,15.2519631302
K010S,15.4585347787,14.8160336429
K010T,15.2412756268,14.3403369416
K010V,15.8439701084,14.9077826116
K010W,14.2175791073,13.2803358086
K010Y,14.8887908053,14.0522283933
T011A,13.6445322946,14.3744961457
T011C,13.4523699548,13.9854861991
T011D,13.3890935219,14.2012050073
T011E,13.5128638914,14.4239694011
T011F,13.5408545321,14.1207238787
T011G,14.5889488203,15.6388601071
T011H,14.2384047393,14.8468125684
T011I,13.0442233357,13.7408348261
T011K,12.3185428097,12.905198946
T011L,15.0094787459,15.676866147
T011M,12.4040771362,13.6878130626
T011N,12.9893944998,13.5100223588
T011P,14.2552499156,15.9328375827
T011Q,15.2173897748,15.8614262097
T011R,15.8834785847,16.3740885471
T011S,16.0693029058,15.7141381703
T011V,13.4957301344,14.0608647766
T011W,13.9736973663,14.4973528935
T011Y,13.868147339,14.3476905676
L012A,14.6229097665,16.3000307497
L012C,13.6003775531,14.5503860665
L012D,13.076982566,15.1963715965
L012E,13.6212506083,15.454684852
L012F,13.7489265921,14.3680289399
L012G,15.2513714526,16.9439455858
L012H,13.8818787076,15.552789157
L012I,14.8539430324,15.2183361891
L012K,13.5954906066,15.1529581753
L012M,14.298277409,15.3524228146
L012N,13.6185002158,15.6414591003
L012P,14.0384046289,16.5045707393
L012Q,13.8403845507,15.2880730082
L012R,15.4640351522,17.0250422082
L012S,14.7472489176,16.4335039417
L012T,14.9035053104,16.2497616011
L012V,15.1035746795,15.9039759642
L012W,13.1590829357,15.0173739054
L012Y,13.2123443866,15.3456824482
K013A,16.4096561131,15.6407533153
K013C,14.5646258628,13.542910946
K013D,13.9853972509,14.0483165742
K013E,15.0349278917,14.5053153561
K013F,14.4672234298,13.9583714609
K013G,14.3437409185,13.9671361777
K013H,14.5521287061,14.124282895
K013I,14.7897883356,14.1718022887
K013L,15.8436757409,15.7104566927
K013M,14.6849129521,14.0712109417
K013N,15.5594069671,14.6046690477
K013P,14.7920276764,16.4916495768
K013Q,15.5530592544,14.8613777426
K013R,16.6285309783,15.3424219623
K013S,17.2101386049,15.7489003935
K013T,17.6985961567,16.1572877167
K013V,15.7844303675,14.8767087816
K013W,15.4420363442,13.7526942418
K013Y,14.0887882387,13.9981496565
G014A,14.4663951552,15.8493073541
G014C,12.5377037479,13.9111110619
G014D,12.1382718002,14.2342186782
G014E,13.3724570004,14.6085436093
G014F,11.905387005,14.1529185761
G014H,13.3258675806,14.805391215
G014I,12.5000949497,13.9490059354
G014K,11.727069558,13.8951965726
G014L,14.1132538067,16.1603638687
G014M,11.3744961457,14.2365374627
G014N,12.719816603,14.1487148932
G014P,13.9583714609,16.7076422289
G014Q,13.2253580865,14.7474587337
G014R,14.0930873904,15.8902167692
G014S,14.2246800397,15.7053353949
G014T,14.4970409662,15.7591079685
G014V,13.8239642585,15.0991012029
G014W,12.5884804128,13.670766881
G014Y,12.3063465537,14.0940776857
E015A,15.7420462234,15.110401744
E015C,14.6465587102,13.5506265558
E015D,14.7393587074,14.6574859354
E015F,14.7998886887,13.7042278839
E015G,15.2283301954,15.4238381276
E015H,16.2318211787,14.6867740705
E015I,15.6460805076,14.3738167508
E015K,15.116871878,14.2243785833
E015L,16.7668911932,16.0248799369
E015M,15.0382331347,14.5085375953
E015N,15.3105772818,14.8110735989
E015P,14.0456743529,15.4869292712
E015Q,15.6629186672,14.4174569851
E015R,16.9628169477,15.6571230249
E015S,16.864016827,15.4599758567
E015T,16.5227654117,15.1768354273
E015V,16.6965329141,15.336576294
E015W,14.9959437678,13.6688849843
E015Y,15.6416284373,14.1182111075
T016A,14.8278884749,15.2185632362
T016C,14.0529925102,14.1513337193
T016D,12.2067091494,13.5960732547
T016E,14.3915792482,14.7216332631
T016F,13.7677706488,14.3311268825
T016G,16.4835638881,16.7956338445
T016H,14.2348174311,14.3271315627
T016I,14.9987667014,14.4666500596
T016K,14.3203774918,13.8158835889
T016L,16.8021881672,16.4055403834
T016M,15.2609930187,15.3597152492
T016N,13.0287694205,13.3843790481
T016P,16.0173956555,16.4703093416
T016Q,15.5769861794,15.309582932
T016R,17.4946290521,16.6986911035
T016S,16.0837909358,16.1205618964
T016V,16.1630206396,15.8113746935
T016W,14.3417272901,15.272629785
T016Y,13.3728650601,13.9418729205
T017A,16.6823774231,15.5951991943
T017C,14.5841404188,13.6354914063
T017D,14.0959738536,14.5002817184
T017E,14.9857530108,14.6777196416
T017F,15.1569915869,14.2230966903
T017G,17.9366954432,16.2389644514
T017H,16.0526741774,14.8383175815
T017I,14.7058483435,14.3839067523
T017K,14.9635734648,14.1329816185
T017L,16.0109432668,15.4638117087
T017M,14.6986504128,14.0008802826
T017N,14.9883740337,14.5649235159
T017P,14.7896355266,15.5111040363
T017Q,14.9275927994,14.0085161616
T017R,17.1251309097,15.8112994257
T017S,16.8744891303,15.8757013632
T017V,15.8122776006,15.3894969037
T017W,15.3552822639,14.0253126199
T017Y,15.0146307659,14.0708756456
T018A,15.5433037504,14.6062316902
T018C,14.6743026292,13.6416002158
T018D,12.7986742988,13.8630247102
T018E,13.0119260663,14.1564781512
T018F,14.0084286221,13.3392933002
T018G,15.0893677174,14.9287034192
T018H,14.7437299554,13.9251835194
T018I,14.1652210682,13.5946745037
T018K,14.6759019167,13.6990301479
T018L,15.3407889519,15.3168825295
T018M,12.9697462508,13.6611100287
T018N,14.3359485652,13.8495028412
T018P,11.1503819688,15.0083848503
T018Q,14.3175539367,14.0899469635
T018R,16.3585996948,15.3039234127
T018S,16.1075031665,15.3953667753
T018V,15.7903230396,14.7979654324
T018W,14.2005155107,13.4361909955
T018Y,14.2786672399,13.5407334753
E019A,15.5368542828,14.2002856052
E019C,13.4682421924,12.2573878427
E019D,14.5189604455,13.4792750303
E019F,14.2625353405,12.8291280954
E019G,15.9513302539,14.666113022
E019H,13.7903484968,12.4265268485
E019I,14.5308330347,13.0766486088
E019K,14.8297722773,13.4003457965
E019L,15.7409928922,14.3235473999
E019M,14.5174233414,13.4958550269
E019N,15.0758133775,13.6944667165
E019P,15.5520686501,14.1552135305
E019Q,14.5018993687,13.1430642806
E019R,15.5653401272,14.0823153942
E019S,15.8026678159,14.5254596352
E019T,15.5988957649,14.3236881232
E019V,14.9128425676,13.4656939359
E019W,12.9720823086,11.5396435062
E019Y,13.7926886352,12.391780606
A020C,15.206327595,14.5826712492
A020D,13.2800457613,14.3277631387
A020E,13.4063378931,13.9340593949
A020F,12.7747870596,14.0254856568
A020G,16.1271278314,15.4558730086
A020H,15.4069025292,15.3652630295
A020I,13.4334550398,14.2338443315
A020K,15.410981267,13.9073601465
A020L,15.7093531077,16.2432855738
A020M,14.4505669077,14.5569251034
A020N,15.1421868502,14.6958807503
A020P,14.7470915356,15.6651971044
A020Q,15.4194993896,14.8010515205
A020R,18.0138515036,15.9779506637
A020S,16.6067232831,15.6497052655
A020T,16.2684871745,15.355006901
A020V,16.3332252466,15.4571884727
A020W,12.9014326077,13.4521125146
A020Y,13.7113443313,14.6000871263
V021A,14.5096513112,13.7366133307
V021C,14.7128493784,13.7833052197
V021D,13.6601073448,13.2921778163
V021E,14.4206181916,14.2336196768
V021F,14.900112063,13.6688849843
V021G,16.8509193313,15.8981053521
V021H,14.7966480414,13.899923315
V021I,15.5781072922,14.5841991545
V021K,15.0955618551,14.3162815317
V021L,17.1121340258,16.286684093
V021M,15.9258325676,15.5241743834
V021N,13.9652431726,13.0246202648
V021P,16.4300441223,15.7652342917
V021Q,15.7718505108,15.0186348695
V021R,17.4209224214,16.0001760995
V021S,16.2836852517,15.4966353598
V021T,16.5064780511,15.7875965254
V021W,16.2384420602,14.9137776521
V021Y,14.739411452,13.5039499316
D022A,14.661277075,13.1432237561
D022C,14.7388311559,13.4215389068
D022E,15.4269198998,13.9940882112
D022F,13.8955752824,12.6003775531
D022G,15.8616927495,14.5023967426
D022H,14.7659594203,13.469387441
D022I,15.5884511323,14.274159723
D022K,14.5933327602,13.7184258472
D022L,16.4261009219,15.0651636578
D022M,15.3203774918,14.3118901939
D022N,15.1015243479,13.9896605897
D022P,14.8497960222,14.0367746103
D022Q,15.1974854837,13.7526942418
D022R,15.9101508188,14.8056431218
D022S,16.1103405666,14.9968706519
D022T,15.5766614841,14.3081968016
D022V,15.9792242116,14.5621231489
D022W,15.2441779855,13.7406240445
D022Y,14.4614154966,13.1664769508
A023C,13.3939266756,14.1402706021
A023D,13.0327345286,13.5437568534
A023E,12.9840623697,14.1072170756
A023F,8.23840473933,14.3647502414
A023G,14.8878869653,15.0586682503
A023H,10.6348110502,13.6541884731
A023I,11.2877123795,14.0527378495
A023K,10.8193807909,14.0066767153
A023L,13.0952321716,15.8901930146
A023M,10.0539258815,14.0721326042
A023N,13.71005304,13.7652860987
A023P,17.1351280835,16.2406795488
A023Q,11.1039434299,13.9196082386
A023R,12.2526654325,15.5256125651
A023S,16.3589087039,15.7956338445
A023T,14.4097886832,15.1613681128
A023V,14.0718813001,15.2618745473
A023W,7.65105169118,14.2795380382
A023Y,7.29462074889,13.7069276396
A024C,15.1448573643,13.3925857563
A024D,14.5727594298,13.682116765
A024E,16.6596057414,14.0524831439
A024F,16.6591179041,14.000704269
A024G,17.3604184633,15.2708792953
A024H,15.1982148058,12.5132341138
A024I,15.5276297223,14.1896701526
A024K,11.577428828,13.4600718774
A024L,16.1585307985,14.9859753161
A024M,15.9163460137,14.0233212026
A024N,15.5689358344,13.490600213
A024P,16.7312394684,14.1474434461
A024Q,15.1592800764,12.8841705191
A024R,14.2977044278,14.5837292021
A024S,16.9260411283,15.0757298277
A024T,16.769966945,14.6976191991
A024V,17.2026786587,15.7057673637
A024W,16.0685473813,13.1785092457
A024Y,16.1319172324,13.0140204703
T025A,16.5095121437,15.50773271
T025C,16.4838944836,15.2036921163
T025D,14.9883296492,15.6026698717
T025E,14.2886498267,15.0036057501
T025F,17.3567528442,15.7257390267
T025G,16.4401229768,15.7537651783
T025H,16.452804281,15.1603835665
T025I,16.6894930053,15.3043513217
T025K,16.1235152138,15.0327345286
T025L,17.4001623123,16.4419553208
T025M,16.9620713338,15.1361500423
T025N,16.6969267869,15.9813888961
T025P,15.8591464954,14.8108728342
T025Q,16.0377614205,14.5266826209
T025R,17.9651191391,15.9350499168
T025S,17.7311201163,16.3793952905
T025V,16.6951739066,15.9790008634
T025W,16.2374714031,14.3295861401
T025Y,16.9838063763,15.9795814967
A026C,15.6690788223,15.3211882422
A026D,7.41785251489,14.02937351
A026E,8.13442632022,14.4239037658
A026F,8.89481776331,15.168985441
A026G,16.7626934678,15.7676154897
A026H,8.6934869575,15.1651425392
A026I,13.5705672889,15.5270493146
A026K,8.10328780841,14.8747892828
A026L,11.3896313393,17.2304708322
A026M,13.9972677057,16.2434343474
A026N,8.72792045456,14.0760639976
A026P,15.4447560897,16.7536346189
A026Q,12.6604416502,15.8589765853
A026R,10.795227966,16.7759188676
A026S,17.4183220658,16.5724633891
A026T,16.0652688619,16.4572205422
A026V,14.7070355248,15.5411268729
A026W,11.4548133485,15.9939776861
A026Y,8.85486838326,15.0106592222
E027A,7.06608919046,15.0360447947
E027C,7.82654848729,14.6406403576
E027D,7.35755200462,14.7343920908
E027F,6.44294349585,14.5066794896
E027G,8.37503943135,15.9238845464
E027H,7.24792751344,14.9361318029
E027I,7.76818432478,15.3351111684
E027K,6.18982455888,14.0659209559
E027L,8.56605403817,16.4284583208
E027M,7.24792751344,15.1428250343
E027N,7.1497471195,14.8197300453
E027P,8.2288186905,15.5858427833
E027Q,6.49185309633,14.3684382538
E027R,8.40514146314,16.3544560175
E027S,8.20457114425,16.1094430003
E027T,7.71424551767,15.330951881
E027V,8.43045255167,16.1118488518
E027W,6.1497471195,14.069785395
E027Y,6.9772799235,14.6148823499
K028A,11.1472049249,14.6767835239
K028C,12.4496645385,14.5381889321
K028D,7.17990909001,14.0285104476
K028E,7.2288186905,14.0215005482
K028F,11.7418882727,13.8010009821
K028G,11.3570020923,14.950555897
K028H,11.5826124513,14.1187788902
K028I,12.0471239121,13.0816498677
K028L,13.8099690472,15.3752770545
K028M,11.7515440591,13.9148522505
K028N,10.602698865,14.3548003444
K028P,12.1221809013,15.1004980884
K028Q,10.905387005,14.3653655652
K028R,15.1700815354,15.6065497988
K028S,11.8261512148,15.6668897084
K028T,12.3799198176,15.0236244217
K028V,12.5338163894,14.2933997997
K028W,10.200898605,14.0616243341
K028Y,10.6411485974,14.3447120099
V029A,16.4936209422,15.2809157282
V029C,15.4650561678,14.2769240649
V029D,13.3501104433,14.5242968377
V029E,13.612522983,14.629925753
V029F,14.7080600322,13.9143851322
V029G,16.8043327262,16.0613289981
V029H,14.9993834825,13.9599113987
V029I,15.2610665,14.0969621702
V029K,15.6464462062,13.6743026292
V029L,16.8306513693,15.6890424809
V029M,15.7134402176,14.666556894
V029N,15.1104833098,13.787698544
V029P,12.8639926372,15.2294947953
V029Q,14.5353968923,13.3195310054
V029R,17.2708336813,15.0517612337
V029S,16.85995936,15.7213929541
V029T,16.6405979962,15.5151146102
V029W,13.9207250198,13.5277213443
V029Y,15.1637282863,14.2936153364
F030A,12.7202442583,14.1456933747
F030C,13.3876134896,13.3889590362
F030D,6.02236781303,13.1497471195
F030E,6.71424551767,13.6510516912
F030G,11.2215871213,14.8178830279
F030H,14.0837286195,13.5561467731
F030I,12.3080545591,13.8398926837
F030K,10.5924570373,13.6695494635
F030L,16.3608299418,15.9181411502
F030M,14.5789622925,14.3994782107
F030N,11.7727269492,13.7183188105
F030P,7.16992500144,13.7923836149
F030Q,10.3003525603,13.1691420769
F030R,7.88264304936,14.7410982599
F030S,14.4044098228,15.1215739873
F030T,11.630267125,14.2893705256
F030V,14.2936871748,14.8078077059
F030W,13.5097750043,13.8870301732
F030Y,13.4968537774,13.9638895037
K031A,8.25738784269,15.7564260154
K031C,7.80089989992,14.2710252506
K031D,6.7414669864,14.4424251933
K031E,7.37503943135,15.0608225672
K031F,7.04439411936,14.6131563627
K031G,8.80413102118,16.450019108
K031H,6.68650052718,14.7740148629
K031I,7.90086680798,15.17625108
K031L,9.2923216328,15.8708944582
K031M,9.12412131183,14.8635087549
K031N,6.90689059561,14.2567246871
K031P,7.86418614465,15.1806861948
K031Q,6.93073733756,14.2768513869
K031R,15.2473712686,16.5548136557
K031S,8.11374216605,15.8354829913
K031T,8.14465824283,16.0967151545
K031V,8.16490692668,15.8400894506
K031W,8.25738784269,15.2039214796
K031Y,6.56985560833,14.62388149
Q032A,15.9268519109,15.4810741186
Q032C,15.0986078614,14.6217657237
Q032D,11.4008794363,14.7061722171
Q032E,11.0341111461,13.9718129564
Q032F,12.3633134644,13.6777196416
Q032G,16.7125673016,15.3407889519
Q032H,16.0766694834,15.0870069545
Q032I,13.9899266306,14.5470752676
Q032K,15.3929546334,14.2441408127
Q032L,16.4475191467,15.7152112848
Q032M,14.584727668,14.0856384293
Q032N,16.2623518172,14.7652860987
Q032P,11.4099212412,16.3611556124
Q032R,17.3036469874,16.0579494292
Q032S,16.8379604833,16.1950453338
Q032T,16.0557696357,15.8561823354
Q032V,14.7331742467,15.2028125524
Q032W,12.6854058348,13.9348887154
Q032Y,13.0669300689,14.5444815223
Y033A,13.7947204573,15.3899337734
Y033C,12.819181179,13.7332272179
Y033D,8.81378119122,13.6593269974
Y033E,11.0430272836,14.7317963144
Y033F,15.3150080036,13.8672787397
Y033G,14.0928397104,14.9871751734
Y033H,14.0908567377,14.7290896185
Y033I,11.7931968591,13.1513337193
Y033K,13.1237980913,13.9469062745
Y033L,15.8643312582,15.6670283585
Y033M,13.318684022,13.5905870499
Y033N,11.9897492755,13.615629637
Y033P,10.7598881832,16.8942967381
Y033Q,13.5274770061,14.7409402054
Y033R,14.8164337109,15.7506284857
Y033S,13.9352571493,15.6001161716
Y033T,13.3578268822,15.1691029195
Y033V,13.1441802391,14.8921158645
Y033W,14.5326603106,14.3443652666
A034C,14.1835578485,13.3406846544
A034D,6.76818432478,13.8729633904
A034E,7.30378074818,14.4655664048
A034F,8.40514146314,13.9298131847
A034G,14.2952667157,15.4858607478
A034H,6.78135971352,13.6147098441
A034I,10.7423094361,14.2086154088
A034K,6.52356195606,13.8721939018
A034L,11.8037275266,15.6012194603
A034M,14.7768442324,14.3665954261
A034N,7.43462822764,13.9528322316
A034P,8.78135971352,15.9897049333
A034Q,6.98868468677,13.8068516622
A034R,9.58871463558,15.2305458846
A034S,16.4776476067,16.026609891
A034T,14.493417672,15.9558315042
A034V,13.6504908332,15.3410322833
A034W,7.54689445989,13.5712786185
A034Y,8.73470962023,13.7045521215
N035A,10.4470832262,15.9594586464
N035C,10.7389366817,14.2479275134
N035D,7.82017896242,14.2283677778
N035E,8.12412131183,14.5241743834
N035F,9.34429590792,14.3150080036
N035G,12.2218891615,15.702713811
N035H,8.20457114425,13.411510988
N035I,9.93221475197,14.1153688378
N035K,7.936637939,14.2903788996
N035L,9.97297978607,15.8113245154
N035M,9.04984854945,14.6081970576
N035P,7.04439411936,14.6210788623
N035Q,7.91288933623,14.0677704574
N035R,10.2550285698,15.656732096
N035S,12.2926092228,15.8501135678
N035T,12.7958367409,15.3793445197
N035V,9.96722625884,15.7763302141
N035W,9.72109918871,13.9954138522
N035Y,8.55074678538,13.8041310212
D036A,16.7291692997,15.2084630007
D036C,15.1330217687,13.7523806466
D036E,15.5712786185,14.5912301315
D036F,14.4111137155,13.7745811809
D036G,16.9907244588,15.3155741549
D036H,15.2615807643,14.3223506975
D036I,15.2956971996,14.0794847838
D036K,15.1771080417,14.0008802826
D036L,17.0607381448,15.7323264441
D036M,15.730310914,14.42790206
D036N,15.4817679039,13.7945174038
D036P,10.5420645423,15.8996165469
D036Q,15.7162568034,14.4956052312
D036R,16.8896465527,15.3324212344
D036S,16.6774168465,15.1443395912
D036T,16.6886054744,15.354077163
D036V,16.7173149544,15.1947568544
D036W,14.8630247102,14.262241692
D036Y,14.8945335911,14.0595134639
N037A,12.0285967771,13.3945966682
N037C,12.6617780978,12.6575417597
N037D,9.36413465501,12.5490626586
N037E,11.1567151442,13.1055811813
N037F,8.94251450534,12.2787398266
N037G,13.0574841188,13.6662240028
N037H,13.0556213748,13.8028192508
N037I,13.1304096824,13.7699411257
N037K,13.2575351692,14.7283988634
N037L,13.9985022859,14.915832707
N037M,12.5230718269,13.9829044727
N037P,7.49984588708,14.1923698795
N037Q,12.5538692432,13.599331743
N037R,13.620448952,15.2113179767
N037S,15.0296754599,14.9877525268
N037T,12.9246269599,13.2620948454
N037V,12.2946207489,13.3679607096
N037W,12.178664851,14.0557908146
N037Y,10.475733431,13.0239275772
G038A,16.0442873819,15.2594490463
G038C,14.1010728837,14.1906734981
G038D,14.2190172232,14.2558400051
G038E,13.8950071804,14.2522958423
G038F,13.8873158272,13.9175585585
G038H,13.4351493384,13.7673568541
G038I,11.9837061927,13.4660764614
G038K,13.4728177421,13.9197013367
G038L,15.7167926731,15.6168646859
G038M,13.7500788627,14.0775668051
G038N,13.6562013802,13.8712314634
G038P,8.01680828769,14.4110474928
G038Q,13.5605716712,13.90829879
G038R,15.2641493397,15.7160423998
G038S,15.6451799313,15.6067232831
G038T,14.1663984902,14.4621827176
G038V,14.9403135971,15.4312364121
G038W,14.5474970642,14.4507601992
G038Y,13.6406968376,13.5068034378
V039A,12.2015113445,15.6380115961
V039C,13.389227995,14.8575436897
V039D,8.03891898929,14.733280187
V039E,10.2324209272,14.5889488203
V039F,14.6463899509,15.4761766066
V039G,9.40301202357,15.7388575381
V039H,8.7448338375,13.4066036317
V039I,16.4563704592,15.3472061049
V039K,8.66533591719,13.7204580384
V039L,17.2069571056,15.8726027437
V039M,15.2320835993,14.4277056815
V039N,8.57364718749,14.4227218209
V039P,8.45121111183,14.6784901063
V039Q,10.5225815313,13.2292694623
V039R,10.1861142395,15.4702139999
V039S,11.5468944599,15.8348413548
V039T,13.5033288566,14.9461752407
V039W,8.34429590792,14.3548003444
V039Y,11.1350679458,14.3532846911
D040A,17.9948616498,16.1538884419
D040C,15.9325377348,14.4770625497
D040E,15.4438500774,15.082689618
D040F,17.0491891484,14.8610384275
D040G,15.5352449961,15.1689071166
D040H,16.7956338445,14.594966022
D040I,16.063626804,14.6450954734
D040K,15.3320365484,14.5684905719
D040L,16.5544539524,16.117602521
D040M,15.6176683358,14.9114856177
D040N,15.170785728,13.7432566043
D040P,14.8132300566,15.5501756055
D040Q,15.4160717761,14.6832687925
D040R,17.7965656645,16.5008729932
D040S,18.0538145451,16.3631936683
D040T,16.7656616437,15.9675640132
D040V,17.7647679451,16.2258287648
D040W,17.6347472503,15.0935413601
D040Y,17.0397758492,14.5022724152
G041A,12.8141818842,15.2889741858
G041C,11.2585660339,14.7232343009
G041D,7.96000193207,14.7747870596
G041E,7.94251450534,14.6452643842
G041F,11.4968537774,14.8188817093
G041H,7.19967234484,14.4682421924
G041I,6.65821148275,14.2710982227
G041K,7.09803208296,14.4596877562
G041L,9.81698362326,15.9172088905
G041M,9.40726776424,15.0832299921
G041N,7.53915881111,14.4051414631
G041P,8.21916852046,15.3135916526
G041Q,7.24792751344,14.5732329685
G041R,9.10852445678,16.3752940261
G041S,10.0112272554,15.6044374011
G041T,8.10852445678,15.459015298
G041V,10.3151495623,15.7047682394
G041W,8.65463602853,15.1322587248
G041Y,9.12670447284,14.7376698632
E042A,16.7564651088,15.3484515374
E042C,16.4752901191,15.0715042618
E042D,15.8284836256,14.7941112111
E042F,14.9265276525,13.4619909506
E042G,17.0151209949,15.577428828
E042H,17.455977327,16.2742689423
E042I,19.4330739559,17.7203511523
E042K,16.4389055331,14.9337828488
E042L,18.5965137262,16.7107795336
E042M,18.4390192046,16.8552456587
E042N,16.8395113714,15.4223933309
E042P,16.5132495377,16.2649190214
E042Q,16.304137383,14.4095235307
E042R,18.3490392848,16.6297123545
E042S,19.1723835567,17.6504207106
E042T,17.8750713692,16.2115461309
E042V,17.4992386168,15.8406304213
E042W,15.7601221654,13.9095181143
E042Y,16.6947523542,15.2572036634
W043A,7.79441586635,15.0554095471
W043C,8.0,14.957510191
W043D,6.53915881111,13.9680367364
W043E,6.79441586635,14.2731399446
W043F,9.49585502689,14.9583714609
W043G,7.87036471958,14.8199295812
W043H,7.94836723158,15.0512514325
W043I,6.2288186905,13.7288771137
W043K,6.72792045456,14.5074230191
W043L,9.1497471195,16.4638755532
W043M,6.68650052718,14.2601844773
W043N,6.65821148275,14.3372734502
W043P,9.08214904135,16.6393124424
W043Q,7.1497471195,14.6064630489
W043R,9.0,15.8823086997
W043S,8.65821148275,16.118718067
W043T,8.12412131183,15.4673189694
W043V,7.23840473933,14.6857343297
W043Y,9.0525680508,15.2174655108
T044A,17.072122134,15.7349741747
T044C,15.2467034917,14.5135425599
T044D,15.648357582,15.3989440523
T044E,15.9189563835,15.1489928729
T044F,16.3268507735,15.5041672447
T044G,17.1923120811,15.9176750957
T044H,15.7441505815,14.7729330927
T044I,16.58606277,16.5912301315
T044K,16.0537350138,14.9614496944
T044L,17.2624435818,16.4616872674
T044M,16.5592426383,15.5400372012
T044N,16.5758346571,16.0607381448
T044P,9.51766938813,15.462725919
T044Q,15.479022347,14.1649069267
T044R,16.7477865102,15.6744129818
T044S,17.6832139549,16.6702551374
T044V,16.3024604321,16.5444211471
T044W,15.3026746195,14.1634924426
T044Y,14.910314808,14.3237584797
Y045A,11.6710987257,15.0845177604
Y045C,12.7330153217,14.2199247689
Y045D,8.02790599657,13.9572834556
Y045E,8.44708322621,13.9669559984
Y045F,14.8540891799,14.1980612949
Y045G,11.2342186782,15.2268260954
Y045H,12.3495576866,13.6212506083
Y045I,12.498101244,13.7951264786
Y045K,10.2348174311,13.8309112797
Y045L,15.5275380945,15.9218641762
Y045M,13.4355400479,14.4967289714
Y045N,9.8313072438,13.5258877981
Y045P,8.40087943628,14.7007648081
Y045Q,8.72451385312,13.2312211807
Y045R,11.9490971557,15.5434548005
Y045S,11.4716752144,15.2797556557
Y045T,10.6537407787,14.5002817184
Y045V,13.5681936539,15.6547199297
Y045W,16.3222802724,14.6776095417
D046A,16.6496351047,15.56110891
D046C,15.4888129723,14.3273421187
D046E,15.9886846868,15.1967557927
D046F,15.057060979,14.1851851668
D046G,15.5537492735,14.5471355318
D046H,15.8740928333,14.7567126755
D046I,15.4796855462,14.4216703896
D046K,16.198694422,14.9914775583
D046L,17.0839051753,15.9849079379
D046M,15.7348683587,14.6682756094
D046N,15.5369756656,14.2890822892
D046P,11.1503819688,15.2671524376
D046Q,16.2281986492,15.1245252357
D046R,17.7076422289,16.4690216965
D046S,16.973361045,15.7055243972
D046T,17.2946117751,15.8597531541
D046V,16.7446499158,15.597354253
D046W,16.2780682611,15.296306832
D046Y,15.1604229613,14.3943957031
D047A,14.3830292211,12.8145824659
D047C,15.0036496671,13.7183188105
D047E,14.5836116901,13.6300395527
D047F,14.298778581,12.6934869575
D047G,17.1073907804,15.6584067601
D047H,16.5826712492,14.6687188166
D047I,17.5469773329,16.2346677662
D047K,17.0439564457,15.1566361509
D047L,17.4286137083,16.034283131
D047M,16.5349563492,15.2558768777
D047N,16.5112430503,14.9892614365
D047P,15.9796931302,14.2584188126
D047Q,15.3677218783,13.8084614762
D047R,18.8107034172,16.5379918457
D047S,17.9504818559,16.3208181736
D047T,14.7870352945,13.3976746329
D047V,16.8984478709,15.5018371849
D047W,16.7787958333,14.8921633099
D047Y,15.1849140745,13.5965392039
A048C,15.686309016,14.6284455401
A048D,14.3266401457,13.4027456225
A048E,15.2199247689,14.2230966903
A048F,15.0299342238,13.7766386471
A048G,16.5825830514,15.4849487345
A048H,14.4202892222,13.1850302632
A048I,15.5342116775,14.2892984719
A048K,16.4014128787,15.1916375958
A048L,17.8861133183,16.6922068255
A048M,16.555323082,15.3839067523
A048N,15.3609156517,14.2443638351
A048P,15.3156802835,14.1825495403
A048Q,14.75999218,13.5771927657
A048R,17.3139370163,16.1017705416
A048S,16.9309682833,15.7944920201
A048T,16.2038641422,15.0396901861
A048V,16.5389164025,15.3254108703
A048W,16.5318687752,15.353112357
A048Y,15.7308681184,14.5506265558
T049A,15.5498748937,14.5260101071
T049C,15.5582114212,14.4633327845
T049D,14.939349643,14.0438817077
T049E,14.3288852583,13.3097605447
T049F,17.0366780382,15.9751314569
T049G,16.4595757016,15.4474707176
T049H,13.9911675061,12.8527245604
T049I,16.7277077775,15.4198614499
T049K,14.3654339183,13.1548181091
T049L,17.0126900033,15.887744202
T049M,15.471389441,14.428752725
T049N,15.350421276,14.3459595964
T049P,14.3062041286,13.5351538507
T049Q,13.2921778163,12.2152296257
T049R,15.7311333782,14.5524889895
T049S,16.4969473748,15.3297613073
T049V,17.0231804006,16.034261634
T049W,14.4665863377,13.2993511358
T049Y,15.4805693378,14.3351809701
K050A,15.348935582,14.3439490645
K050C,14.7133328103,13.9721720814
K050D,13.6741922681,12.9563761572
K050E,14.1996723448,13.401679526
K050F,14.7740663556,14.3900345707
K050G,16.8728191426,15.4403501192
K050H,13.93645391,12.9059510351
K050I,14.2668597275,13.7299393248
K050L,16.0832507717,15.4624703203
K050M,14.5433943824,14.0807342672
K050N,14.1812299192,13.4568677384
K050P,12.2485206049,12.847448904
K050Q,13.803929288,12.9036935904
K050R,16.4274110635,15.2229080806
K050S,15.6261653199,14.6979449251
K050T,14.3611213347,13.5624809453
K050V,15.7949996092,14.9142916903
K050W,15.1273495411,14.4136940334
K050Y,14.1643570143,13.6392276403
T051A,15.2502984179,14.7194957784
T051C,15.2090725365,14.188279752
T051D,14.7918242436,13.7007648081
T051E,15.5666189672,14.1602653758
T051F,15.3157864044,13.8629278818
T051G,16.3973069609,15.5132958083
T051H,15.0662574054,13.5302844003
T051I,15.5087232744,13.9021866624
T051K,15.0670981857,13.5238069582
T051L,17.0404823758,15.1937563457
T051M,15.8071788011,14.1435426542
T051N,14.7709735395,13.4995967815
T051P,8.94544383638,13.7981680012
T051Q,15.3944291993,13.859825936
T051R,17.1663690663,15.6235100259
T051S,15.7354766947,15.1347872697
T051V,16.8231557368,15.1871587317
T051W,16.1912134722,14.6186149203
T051Y,15.4253142655,13.932214752
F052A,9.48784003382,14.5283930611
F052C,10.5745935273,15.2717183367
F052D,8.10328780841,15.4040105897
F052E,9.20945336563,16.388589136
F052G,10.1150436502,16.9918318221
F052H,10.6573184496,15.3590975103
F052I,11.9388444575,15.2119643199
F052K,9.24079133216,16.4552790526
F052L,15.1885502126,16.642009373
F052M,13.7725207763,15.4263302826
F052N,8.56605403817,15.6884688827
F052P,8.39231742278,15.546472487
F052Q,8.94836723158,15.9627604753
F052R,10.2888660742,17.4528686146
F052S,10.0334230015,16.5863560335
F052T,9.61470984412,15.9411851915
F052V,11.0368604467,15.1934483572
F052W,9.8887432489,16.2217759038
F052Y,13.2593019151,15.7174622303
T053A,15.9006545759,15.105294709
T053C,14.1914448278,13.51754637
T053D,14.1548181091,14.0279059966
T053E,15.1925239971,14.4575091357
T053F,12.6799198785,12.7772553152
T053G,16.8941901416,15.2737591818
T053H,13.952377252,13.7233409736
T053I,13.3976746329,13.0050981782
T053K,15.0076405273,14.2880730082
T053L,15.3223506975,15.3793106715
T053M,13.6052480016,13.1360298494
T053N,14.1835578485,13.7823839912
T053P,8.85174904142,14.9169990491
T053Q,14.502893945,13.682007
T053R,16.1456535756,15.5008107652
T053S,16.333347557,15.3143000019
T053V,15.7813084805,14.8999705043
T053W,14.3796491178,13.5801407724
T053Y,13.5600939576,13.5403702437
V054A,15.6898888045,14.6554189167
V054C,14.0767321053,12.999823879
V054D,8.70043971814,13.1098306543
V054E,8.76487159074,13.0115767032
V054F,14.0126245389,13.7203511523
V054G,13.1722712291,14.5065555308
V054H,10.0874628413,12.1376315982
V054I,12.0161118382,12.8458820344
V054K,5.75488750216,12.2070143202
V054L,14.5530292461,15.3699721475
V054M,12.4983506079,12.6930512954
V054N,11.1045987536,12.6788201795
V054P,6.84549005094,13.3164229655
V054Q,9.82177398197,12.2526654325
V054R,7.45943161864,14.2233229895
V054S,13.7859632471,14.2210583987
V054T,13.3472061049,13.4709130263
V054W,12.8883627412,12.8257538329
V054Y,8.15987133678,12.7142455177
T055A,14.568609322,14.3290955586
T055C,14.468751304,14.1927551426
T055D,13.950373635,14.1324193992
T055E,14.2554712275,14.1601077731
T055F,14.0655844281,14.0012322452
T055G,15.0850159429,15.4396361226
T055H,13.4542992936,13.4092583294
T055I,14.0791514054,14.1495883635
T055K,14.5734696796,14.0201986726
T055L,15.1329816185,15.112968854
T055M,14.281133138,14.1775752609
T055N,14.1647498302,14.0766486088
T055P,8.76818432478,12.9078295446
T055Q,13.8489163003,13.6122925941
T055R,16.2718642071,15.5698556083
T055S,15.4705000062,14.9329067695
T055V,15.0831884321,14.8726267896
T055W,14.6508834567,14.1864237975
T055Y,14.2664205509,14.0703725554
E056A,14.0753120065,14.9926728502
E056C,12.253847485,13.7358732973
E056D,12.2620948454,14.021413793
E056F,12.0801513096,13.5609298527
E056G,13.1733648308,14.496479327
E056H,12.8538943132,14.0992656126
E056I,11.3043513217,13.3877481007
E056K,12.999823879,14.1671829046
E056L,13.0867996856,15.1628633376
E056M,12.2318211787,13.9845964704
E056N,12.5449644328,13.9935576135
E056P,12.7317432907,14.7620186198
E056Q,13.7791037396,14.2855467123
E056R,14.355006901,15.472532195
E056S,14.6673333416,15.3660147891
E056T,14.3717085911,14.8670373693
E056V,13.6143647706,14.8361983263
E056W,13.1393914704,14.0827311924
E056Y,12.4077988502,14.0154150524
A020A,20.746829194,20.746829194
A023A,20.746829194,20.746829194
A024A,20.746829194,20.746829194
A026A,20.746829194,20.746829194
A034A,20.746829194,20.746829194
A048A,20.746829194,20.746829194
D022D,20.746829194,20.746829194
D036D,20.746829194,20.746829194
D040D,20.746829194,20.746829194
D046D,20.746829194,20.746829194
D047D,20.746829194,20.746829194
E015E,20.746829194,20.746829194
E019E,20.746829194,20.746829194
E027E,20.746829194,20.746829194
E042E,20.746829194,20.746829194
E056E,20.746829194,20.746829194
F030F,20.746829194,20.746829194
F052F,20.746829194,20.746829194
G009G,20.746829194,20.746829194
G014G,20.746829194,20.746829194
G038G,20.746829194,20.746829194
G041G,20.746829194,20.746829194
I006I,20.746829194,20.746829194
K004K,20.746829194,20.746829194
K010K,20.746829194,20.746829194
K013K,20.746829194,20.746829194
K028K,20.746829194,20.746829194
K031K,20.746829194,20.746829194
K050K,20.746829194,20.746829194
L005L,20.746829194,20.746829194
L007L,20.746829194,20.746829194
L012L,20.746829194,20.746829194
N008N,20.746829194,20.746829194
N035N,20.746829194,20.746829194
N037N,20.746829194,20.746829194
Q002Q,20.746829194,20.746829194
Q032Q,20.746829194,20.746829194
T011T,20.746829194,20.746829194
T016T,20.746829194,20.746829194
T017T,20.746829194,20.746829194
T018T,20.746829194,20.746829194
T025T,20.746829194,20.746829194
T044T,20.746829194,20.746829194
T049T,20.746829194,20.746829194
T051T,20.746829194,20.746829194
T053T,20.746829194,20.746829194
T055T,20.746829194,20.746829194
V021V,20.746829194,20.746829194
V029V,20.746829194,20.746829194
V039V,20.746829194,20.746829194
V054V,20.746829194,20.746829194
W043W,20.746829194,20.746829194
Y003Y,20.746829194,20.746829194
Y033Y,20.746829194,20.746829194
Y045Y,20.746829194,20.746829194
A020X,,
A023X,,
A024X,,
A026X,,
A034X,,
A048X,,
D022X,,
D036X,,
D040X,,
D046X,,
D047X,,
E015X,,
E019X,,
E027X,,
E042X,,
E056X,,
F030X,,
F052X,,
G009X,,
G014X,,
G038X,,
G041X,,
I006X,,
K004X,,
K010X,,
K013X,,
K028X,,
K031X,,
K050X,,
L005X,,
L007X,,
L012X,,
N008X,,
N035X,,
N037X,,
Q002X,,
Q032X,,
T011X,,
T016X,,
T017X,,
T018X,,
T025X,,
T044X,,
T049X,,
T051X,,
T053X,,
T055X,,
V021X,,
V029X,,
V039X,,
V054X,,
W043X,,
Y003X,,
Y033X,,
Y045X,,
