mutids,Amp0_5.NiA_norm,Amp256.NiA_norm
M003A,22.0,
M003C,8.0,
M003D,7.0,
M003E,15.0,
M003F,,
M003G,18.0,
M003H,9.0,
M003I,3.0,5.0
M003K,23.0,
M003L,4.0,12.0
M003M,,
M003N,8.0,
M003P,3.0,
M003Q,14.0,
M003R,46.0,
M003S,23.0,
M003T,12.0,
M003V,4.0,8.0
M003W,,
M003X,21.0,2.0
M003Y,2.0,
S004A,,11.0
S004C,,11.0
S004D,,1.0
S004E,,
S004F,,21.0
S004G,,20.0
S004H,,3.0
S004I,,11.0
S004K,,19.0
S004L,,6.0
S004M,,10.0
S004N,,14.0
S004P,,3.0
S004Q,,4.0
S004R,,78.0
S004S,,44.0
S004T,,21.0
S004V,,9.0
S004W,,3.0
S004X,,2.0
S004Y,,13.0
I005A,,21.0
I005C,,24.0
I005D,,6.0
I005E,,3.0
I005F,,29.0
I005G,,22.0
I005H,,23.0
I005I,,63.0
I005K,,21.0
I005L,,48.0
I005M,1.0,14.0
I005N,1.0,37.0
I005P,,28.0
I005Q,,9.0
I005R,,60.0
I005S,,83.0
I005T,,105.0
I005V,,60.0
I005W,,
I005X,4.0,
I005Y,1.0,50.0
Q006A,,15.0
Q006C,,10.0
Q006D,,2.0
Q006E,,2.0
Q006F,,2.0
Q006G,,15.0
Q006H,,14.0
Q006I,,15.0
Q006K,,11.0
Q006L,,57.0
Q006M,,4.0
Q006N,,9.0
Q006P,,9.0
Q006Q,,18.0
Q006R,,97.0
Q006S,,16.0
Q006T,,16.0
Q006V,,9.0
Q006W,,
Q006X,,4.0
Q006Y,,12.0
H007A,,18.0
H007C,,10.0
H007D,,16.0
H007E,,11.0
H007F,,
H007G,,5.0
H007H,1.0,10.0
H007I,,2.0
H007K,,8.0
H007L,3.0,68.0
H007M,,6.0
H007N,,7.0
H007P,,20.0
H007Q,,41.0
H007R,,49.0
H007S,,13.0
H007T,,14.0
H007V,,2.0
H007W,,
H007X,3.0,
H007Y,,37.0
F008A,,11.0
F008C,,28.0
F008D,,
F008E,,
F008F,,10.0
F008G,,
F008H,,3.0
F008I,,18.0
F008K,,7.0
F008L,,49.0
F008M,,1.0
F008N,,13.0
F008P,,2.0
F008Q,,9.0
F008R,,23.0
F008S,1.0,23.0
F008T,,3.0
F008V,,35.0
F008W,,
F008X,10.0,
F008Y,,30.0
R009A,,11.0
R009C,,3.0
R009D,,1.0
R009E,,1.0
R009F,,5.0
R009G,,34.0
R009H,1.0,24.0
R009I,,7.0
R009K,,17.0
R009L,1.0,26.0
R009M,,
R009N,1.0,4.0
R009P,,9.0
R009Q,,15.0
R009R,,67.0
R009S,,32.0
R009T,,5.0
R009V,,26.0
R009W,,3.0
R009X,4.0,2.0
R009Y,,5.0
V010A,,70.0
V010C,1.0,16.0
V010D,3.0,20.0
V010E,,32.0
V010F,1.0,11.0
V010G,,57.0
V010H,,3.0
V010I,,18.0
V010K,,11.0
V010L,,29.0
V010M,,4.0
V010N,,21.0
V010P,,19.0
V010Q,,17.0
V010R,,46.0
V010S,,18.0
V010T,,24.0
V010V,3.0,31.0
V010W,,2.0
V010X,10.0,
V010Y,,6.0
A011A,,63.0
A011C,,18.0
A011D,,11.0
A011E,,
A011F,,18.0
A011G,,88.0
A011H,,5.0
A011I,,4.0
A011K,,12.0
A011L,,27.0
A011M,,6.0
A011N,,9.0
A011P,,19.0
A011Q,,7.0
A011R,1.0,27.0
A011S,,25.0
A011T,,25.0
A011V,1.0,81.0
A011W,,
A011X,3.0,
A011Y,,10.0
L012A,,22.0
L012C,,40.0
L012D,,
L012E,,
L012F,,7.0
L012G,,32.0
L012H,,3.0
L012I,,20.0
L012K,,
L012L,2.0,40.0
L012M,,7.0
L012N,,
L012P,,17.0
L012Q,,
L012R,,11.0
L012S,,37.0
L012T,,22.0
L012V,,77.0
L012W,,3.0
L012X,8.0,
L012Y,,9.0
I013A,,73.0
I013C,1.0,29.0
I013D,,1.0
I013E,,
I013F,2.0,26.0
I013G,,62.0
I013H,,
I013I,3.0,76.0
I013K,5.0,2.0
I013L,3.0,55.0
I013M,1.0,37.0
I013N,4.0,1.0
I013P,,5.0
I013Q,1.0,1.0
I013R,5.0,3.0
I013S,1.0,67.0
I013T,1.0,98.0
I013V,,120.0
I013W,,15.0
I013X,9.0,
I013Y,2.0,31.0
P014A,,69.0
P014C,3.0,19.0
P014D,,1.0
P014E,,3.0
P014F,,15.0
P014G,,70.0
P014H,1.0,50.0
P014I,,21.0
P014K,,16.0
P014L,,81.0
P014M,,17.0
P014N,1.0,38.0
P014P,2.0,217.0
P014Q,,73.0
P014R,,34.0
P014S,6.0,112.0
P014T,2.0,136.0
P014V,,41.0
P014W,,17.0
P014X,12.0,
P014Y,1.0,16.0
F015A,,27.0
F015C,3.0,19.0
F015D,19.0,
F015E,,
F015F,,11.0
F015G,,9.0
F015H,,2.0
F015I,,39.0
F015K,1.0,
F015L,4.0,114.0
F015M,,3.0
F015N,,
F015P,,2.0
F015Q,,
F015R,1.0,1.0
F015S,,42.0
F015T,,31.0
F015V,,98.0
F015W,,13.0
F015X,14.0,
F015Y,1.0,33.0
F016A,,36.0
F016C,1.0,36.0
F016D,5.0,
F016E,,
F016F,3.0,32.0
F016G,,7.0
F016H,,
F016I,,57.0
F016K,,
F016L,1.0,74.0
F016M,,11.0
F016N,,
F016P,,
F016Q,,
F016R,39.0,
F016S,1.0,17.0
F016T,,31.0
F016V,,73.0
F016W,,1.0
F016X,30.0,1.0
F016Y,2.0,14.0
A017A,1.0,55.0
A017C,,15.0
A017D,,1.0
A017E,,4.0
A017F,,6.0
A017G,2.0,82.0
A017H,,12.0
A017I,,26.0
A017K,,
A017L,,29.0
A017M,,25.0
A017N,,
A017P,,9.0
A017Q,,17.0
A017R,2.0,
A017S,,44.0
A017T,1.0,32.0
A017V,1.0,122.0
A017W,,14.0
A017X,15.0,1.0
A017Y,,
A018A,,15.0
A018C,,6.0
A018D,,
A018E,,4.0
A018F,,1.0
A018G,,8.0
A018H,,5.0
A018I,,6.0
A018K,,
A018L,5.0,26.0
A018M,,
A018N,,2.0
A018P,,28.0
A018Q,,10.0
A018R,,
A018S,,18.0
A018T,2.0,24.0
A018V,2.0,20.0
A018W,,1.0
A018X,,
A018Y,,1.0
F019A,,10.0
F019C,5.0,15.0
F019D,,
F019E,,
F019F,4.0,3.0
F019G,,10.0
F019H,,8.0
F019I,,23.0
F019K,,
F019L,,29.0
F019M,,
F019N,,10.0
F019P,,
F019Q,,1.0
F019R,,
F019S,,18.0
F019T,,27.0
F019V,,9.0
F019W,,11.0
F019X,,1.0
F019Y,,6.0
C020A,,
C020C,1.0,5.0
C020D,,
C020E,,
C020F,,
C020G,,13.0
C020H,,4.0
C020I,5.0,1.0
C020K,,
C020L,,
C020M,,
C020N,,
C020P,,
C020Q,,
C020R,2.0,5.0
C020S,,8.0
C020T,,6.0
C020V,,4.0
C020W,,3.0
C020X,3.0,
C020Y,2.0,3.0
L021A,3.0,1.0
L021C,,6.0
L021D,,7.0
L021E,,1.0
L021F,,10.0
L021G,2.0,31.0
L021H,1.0,8.0
L021I,,20.0
L021K,,3.0
L021L,7.0,276.0
L021M,,
L021N,,7.0
L021P,,24.0
L021Q,1.0,4.0
L021R,,37.0
L021S,2.0,25.0
L021T,,15.0
L021V,,31.0
L021W,,2.0
L021X,2.0,2.0
L021Y,,8.0
P022A,5.0,
P022C,,
P022D,,21.0
P022E,,13.0
P022F,,
P022G,,1.0
P022H,,2.0
P022I,,
P022K,,18.0
P022L,3.0,2.0
P022M,,
P022N,,25.0
P022P,,99.0
P022Q,,16.0
P022R,,66.0
P022S,3.0,27.0
P022T,1.0,28.0
P022V,,2.0
P022W,,
P022X,,
P022Y,,
V023A,,50.0
V023C,1.0,26.0
V023D,,
V023E,1.0,
V023F,1.0,7.0
V023G,1.0,86.0
V023H,,
V023I,,18.0
V023K,,6.0
V023L,,39.0
V023M,,
V023N,,2.0
V023P,,
V023Q,,
V023R,6.0,9.0
V023S,2.0,89.0
V023T,,48.0
V023V,1.0,78.0
V023W,,
V023X,25.0,
V023Y,,3.0
F024A,,32.0
F024C,,3.0
F024D,,2.0
F024E,1.0,5.0
F024F,,20.0
F024G,,19.0
F024H,,7.0
F024I,,2.0
F024K,,5.0
F024L,6.0,61.0
F024M,,8.0
F024N,,13.0
F024P,,
F024Q,,10.0
F024R,,27.0
F024S,,10.0
F024T,,
F024V,,5.0
F024W,,11.0
F024X,26.0,4.0
F024Y,,27.0
A025A,,43.0
A025C,,1.0
A025D,,1.0
A025E,,
A025F,,
A025G,,30.0
A025H,,
A025I,,
A025K,,
A025L,,
A025M,,
A025N,,
A025P,,6.0
A025Q,,
A025R,,
A025S,,7.0
A025T,,3.0
A025V,,6.0
A025W,,
A025X,4.0,
A025Y,,
H026A,,11.0
H026C,,26.0
H026D,1.0,30.0
H026E,,18.0
H026F,,7.0
H026G,,43.0
H026H,,17.0
H026I,,34.0
H026K,2.0,21.0
H026L,1.0,46.0
H026M,,1.0
H026N,1.0,18.0
H026P,,1.0
H026Q,1.0,41.0
H026R,5.0,115.0
H026S,1.0,32.0
H026T,,38.0
H026V,,7.0
H026W,,10.0
H026X,2.0,
H026Y,,33.0
P027A,,2.0
P027C,,17.0
P027D,,9.0
P027E,,7.0
P027F,,5.0
P027G,,6.0
P027H,,37.0
P027I,,24.0
P027K,,28.0
P027L,1.0,66.0
P027M,,5.0
P027N,,6.0
P027P,,51.0
P027Q,,45.0
P027R,,22.0
P027S,,19.0
P027T,6.0,71.0
P027V,,14.0
P027W,,8.0
P027X,4.0,
P027Y,,5.0
E028A,,4.0
E028C,,
E028D,,3.0
E028E,,4.0
E028F,,1.0
E028G,,18.0
E028H,,
E028I,,3.0
E028K,,6.0
E028L,,6.0
E028M,,
E028N,,3.0
E028P,,
E028Q,,6.0
E028R,,5.0
E028S,,
E028T,,11.0
E028V,,27.0
E028W,,1.0
E028X,,1.0
E028Y,,1.0
T029A,,5.0
T029C,,4.0
T029D,,
T029E,,
T029F,,
T029G,,
T029H,,
T029I,,13.0
T029K,,
T029L,,10.0
T029M,,2.0
T029N,,
T029P,,1.0
T029Q,,
T029R,1.0,
T029S,1.0,8.0
T029T,,40.0
T029V,,6.0
T029W,,
T029X,1.0,
T029Y,,
L030A,,14.0
L030C,,5.0
L030D,,
L030E,,
L030F,,
L030G,,2.0
L030H,,4.0
L030I,,5.0
L030K,,15.0
L030L,2.0,72.0
L030M,,31.0
L030N,,
L030P,,9.0
L030Q,,21.0
L030R,1.0,46.0
L030S,,9.0
L030T,,6.0
L030V,,10.0
L030W,1.0,
L030X,6.0,1.0
L030Y,,1.0
V031A,,15.0
V031C,,24.0
V031D,,7.0
V031E,,17.0
V031F,,1.0
V031G,,35.0
V031H,,2.0
V031I,,10.0
V031K,,3.0
V031L,1.0,31.0
V031M,1.0,24.0
V031N,,4.0
V031P,,
V031Q,,4.0
V031R,,13.0
V031S,4.0,21.0
V031T,,11.0
V031V,2.0,51.0
V031W,,2.0
V031X,3.0,1.0
V031Y,,1.0
K032A,,8.0
K032C,,5.0
K032D,,1.0
K032E,,15.0
K032F,,5.0
K032G,,
K032H,1.0,4.0
K032I,,26.0
K032K,,10.0
K032L,,25.0
K032M,,4.0
K032N,,20.0
K032P,,
K032Q,,17.0
K032R,,27.0
K032S,,41.0
K032T,,20.0
K032V,,20.0
K032W,,
K032X,,13.0
K032Y,3.0,8.0
V033A,14.0,31.0
V033C,,11.0
V033D,29.0,
V033E,33.0,
V033F,,
V033G,,
V033H,8.0,
V033I,,26.0
V033K,7.0,
V033L,3.0,63.0
V033M,,4.0
V033N,,
V033P,25.0,
V033Q,12.0,
V033R,45.0,
V033S,,
V033T,,2.0
V033V,4.0,52.0
V033W,,
V033X,,
V033Y,12.0,
K034A,,10.0
K034C,,6.0
K034D,,
K034E,,16.0
K034F,,4.0
K034G,,10.0
K034H,,3.0
K034I,,13.0
K034K,,41.0
K034L,,26.0
K034M,,5.0
K034N,1.0,28.0
K034P,11.0,
K034Q,1.0,7.0
K034R,,28.0
K034S,,8.0
K034T,3.0,10.0
K034V,,19.0
K034W,,4.0
K034X,1.0,2.0
K034Y,,4.0
D035A,,20.0
D035C,,5.0
D035D,,16.0
D035E,1.0,26.0
D035F,,3.0
D035G,,54.0
D035H,,5.0
D035I,,15.0
D035K,,5.0
D035L,,7.0
D035M,,1.0
D035N,1.0,7.0
D035P,14.0,
D035Q,1.0,6.0
D035R,,18.0
D035S,,8.0
D035T,,3.0
D035V,2.0,22.0
D035W,,2.0
D035X,6.0,
D035Y,,6.0
A036A,,37.0
A036C,,30.0
A036D,3.0,
A036E,,
A036F,,7.0
A036G,,20.0
A036H,,
A036I,,9.0
A036K,,
A036L,,19.0
A036M,,
A036N,,
A036P,,1.0
A036Q,,3.0
A036R,,
A036S,,21.0
A036T,,21.0
A036V,,41.0
A036W,,1.0
A036X,,
A036Y,,2.0
E037A,,8.0
E037C,,
E037D,,1.0
E037E,,16.0
E037F,,
E037G,1.0,1.0
E037H,,
E037I,,
E037K,1.0,
E037L,,
E037M,,
E037N,,
E037P,12.0,
E037Q,,8.0
E037R,1.0,
E037S,,
E037T,,
E037V,,
E037W,8.0,
E037X,,
E037Y,,
D038A,1.0,27.0
D038C,,18.0
D038D,,12.0
D038E,,75.0
D038F,,3.0
D038G,,46.0
D038H,,23.0
D038I,,16.0
D038K,,4.0
D038L,,11.0
D038M,,1.0
D038N,,25.0
D038P,,
D038Q,,5.0
D038R,,25.0
D038S,,42.0
D038T,,16.0
D038V,,41.0
D038W,,5.0
D038X,,2.0
D038Y,,43.0
Q039A,,25.0
Q039C,,12.0
Q039D,,3.0
Q039E,,17.0
Q039F,,4.0
Q039G,,29.0
Q039H,,33.0
Q039I,,4.0
Q039K,,9.0
Q039L,3.0,56.0
Q039M,,6.0
Q039N,,1.0
Q039P,1.0,3.0
Q039Q,,13.0
Q039R,,76.0
Q039S,,16.0
Q039T,,16.0
Q039V,,8.0
Q039W,,10.0
Q039X,1.0,1.0
Q039Y,,5.0
L040A,,15.0
L040C,,17.0
L040D,,3.0
L040E,,10.0
L040F,,46.0
L040G,3.0,29.0
L040H,,3.0
L040I,,23.0
L040K,,3.0
L040L,2.0,74.0
L040M,,26.0
L040N,,1.0
L040P,,2.0
L040Q,,3.0
L040R,2.0,1.0
L040S,,60.0
L040T,,30.0
L040V,1.0,41.0
L040W,,12.0
L040X,13.0,10.0
L040Y,,42.0
G041A,,31.0
G041C,,26.0
G041D,2.0,47.0
G041E,,20.0
G041F,,3.0
G041G,,111.0
G041H,,1.0
G041I,,3.0
G041K,,3.0
G041L,,18.0
G041M,,2.0
G041N,,8.0
G041P,,
G041Q,,13.0
G041R,,27.0
G041S,1.0,25.0
G041T,,4.0
G041V,1.0,63.0
G041W,1.0,11.0
G041X,1.0,
G041Y,,4.0
A042A,,78.0
A042C,,15.0
A042D,,
A042E,,3.0
A042F,,
A042G,,76.0
A042H,,
A042I,,
A042K,,
A042L,,
A042M,,2.0
A042N,,2.0
A042P,,2.0
A042Q,,37.0
A042R,,
A042S,,40.0
A042T,,31.0
A042V,,3.0
A042W,,
A042X,15.0,
A042Y,,
R043A,3.0,52.0
R043C,,13.0
R043D,,5.0
R043E,,7.0
R043F,,21.0
R043G,,12.0
R043H,,22.0
R043I,,38.0
R043K,,10.0
R043L,,85.0
R043M,,23.0
R043N,,15.0
R043P,,71.0
R043Q,1.0,58.0
R043R,,153.0
R043S,,72.0
R043T,,34.0
R043V,1.0,68.0
R043W,,
R043X,1.0,10.0
R043Y,,11.0
V044A,6.0,10.0
V044C,,20.0
V044D,2.0,
V044E,37.0,
V044F,,15.0
V044G,16.0,2.0
V044H,,
V044I,,35.0
V044K,4.0,
V044L,,63.0
V044M,,35.0
V044N,2.0,
V044P,1.0,
V044Q,7.0,
V044R,4.0,
V044S,,2.0
V044T,,1.0
V044V,4.0,65.0
V044W,,23.0
V044X,,
V044Y,,5.0
G045A,,47.0
G045C,1.0,1.0
G045D,1.0,
G045E,1.0,
G045F,15.0,
G045G,,79.0
G045H,,
G045I,,
G045K,,
G045L,4.0,
G045M,,
G045N,,
G045P,,
G045Q,,
G045R,1.0,1.0
G045S,1.0,10.0
G045T,18.0,
G045V,11.0,1.0
G045W,3.0,
G045X,,
G045Y,5.0,
Y046A,,
Y046C,3.0,2.0
Y046D,4.0,
Y046E,30.0,1.0
Y046F,,40.0
Y046G,,
Y046H,7.0,1.0
Y046I,,38.0
Y046K,,
Y046L,1.0,100.0
Y046M,,19.0
Y046N,,
Y046P,,
Y046Q,34.0,
Y046R,2.0,
Y046S,162.0,4.0
Y046T,,2.0
Y046V,,19.0
Y046W,,
Y046X,9.0,2.0
Y046Y,1.0,27.0
I047A,,30.0
I047C,,13.0
I047D,,
I047E,,
I047F,,18.0
I047G,,
I047H,,
I047I,,23.0
I047K,39.0,
I047L,,39.0
I047M,1.0,22.0
I047N,3.0,
I047P,,
I047Q,,1.0
I047R,,
I047S,1.0,9.0
I047T,,24.0
I047V,,45.0
I047W,3.0,
I047X,1.0,
I047Y,,23.0
E048A,,36.0
E048C,,3.0
E048D,,8.0
E048E,,37.0
E048F,,8.0
E048G,,2.0
E048H,,3.0
E048I,,
E048K,,16.0
E048L,,5.0
E048M,,
E048N,,10.0
E048P,,
E048Q,,8.0
E048R,,
E048S,,6.0
E048T,,6.0
E048V,,30.0
E048W,,
E048X,2.0,1.0
E048Y,,
L049A,,32.0
L049C,,11.0
L049D,5.0,
L049E,,
L049F,,1.0
L049G,,8.0
L049H,,
L049I,,20.0
L049K,,
L049L,,89.0
L049M,,12.0
L049N,,
L049P,1.0,1.0
L049Q,,18.0
L049R,,1.0
L049S,,2.0
L049T,,38.0
L049V,1.0,25.0
L049W,,
L049X,,
L049Y,,1.0
D050A,,21.0
D050C,,4.0
D050D,,5.0
D050E,,37.0
D050F,,
D050G,,2.0
D050H,,3.0
D050I,,
D050K,,
D050L,,
D050M,,
D050N,1.0,13.0
D050P,,
D050Q,,10.0
D050R,,
D050S,,19.0
D050T,,
D050V,,1.0
D050W,,
D050X,,
D050Y,,
L051A,,12.0
L051C,,4.0
L051D,,
L051E,,
L051F,,7.0
L051G,,
L051H,,
L051I,2.0,19.0
L051K,,
L051L,1.0,20.0
L051M,,4.0
L051N,,
L051P,,
L051Q,,2.0
L051R,1.0,3.0
L051S,,10.0
L051T,,11.0
L051V,,36.0
L051W,,1.0
L051X,1.0,
L051Y,,7.0
N052A,,34.0
N052C,,8.0
N052D,1.0,28.0
N052E,,7.0
N052F,,7.0
N052G,,26.0
N052H,,20.0
N052I,,19.0
N052K,,32.0
N052L,,23.0
N052M,,
N052N,,6.0
N052P,,8.0
N052Q,,3.0
N052R,,37.0
N052S,,54.0
N052T,,54.0
N052V,,31.0
N052W,,8.0
N052X,2.0,
N052Y,,43.0
S053A,,28.0
S053C,,1.0
S053D,,
S053E,,6.0
S053F,,
S053G,,20.0
S053H,,2.0
S053I,,
S053K,,7.0
S053L,,
S053M,,
S053N,,29.0
S053P,,
S053Q,,3.0
S053R,,7.0
S053S,,13.0
S053T,,8.0
S053V,,
S053W,,
S053X,,
S053Y,,4.0
G054A,,3.0
G054C,,
G054D,,11.0
G054E,,6.0
G054F,,
G054G,,87.0
G054H,,
G054I,,
G054K,,
G054L,,
G054M,,
G054N,,4.0
G054P,,
G054Q,,
G054R,,3.0
G054S,,19.0
G054T,,
G054V,2.0,3.0
G054W,,
G054X,,
G054Y,,
K055A,,39.0
K055C,,21.0
K055D,,6.0
K055E,,22.0
K055F,,27.0
K055G,,58.0
K055H,,20.0
K055I,,29.0
K055K,,26.0
K055L,,73.0
K055M,,26.0
K055N,,26.0
K055P,,
K055Q,,65.0
K055R,,110.0
K055S,3.0,98.0
K055T,,105.0
K055V,,57.0
K055W,,12.0
K055X,5.0,43.0
K055Y,,38.0
I056A,,8.0
I056C,,10.0
I056D,11.0,2.0
I056E,,10.0
I056F,,14.0
I056G,,
I056H,,2.0
I056I,,16.0
I056K,,3.0
I056L,,22.0
I056M,,10.0
I056N,,2.0
I056P,,9.0
I056Q,,
I056R,,8.0
I056S,,45.0
I056T,,29.0
I056V,,21.0
I056W,,
I056X,1.0,
I056Y,,15.0
L057A,,2.0
L057C,1.0,19.0
L057D,,
L057E,,8.0
L057F,,46.0
L057G,,4.0
L057H,,34.0
L057I,,27.0
L057K,,17.0
L057L,1.0,176.0
L057M,,4.0
L057N,,12.0
L057P,1.0,1.0
L057Q,,26.0
L057R,1.0,150.0
L057S,,3.0
L057T,,10.0
L057V,,44.0
L057W,,2.0
L057X,3.0,4.0
L057Y,,25.0
E058A,,196.0
E058C,,11.0
E058D,,77.0
E058E,2.0,56.0
E058F,,
E058G,,235.0
E058H,,38.0
E058I,,
E058K,1.0,61.0
E058L,,41.0
E058M,,21.0
E058N,,39.0
E058P,19.0,
E058Q,,37.0
E058R,,158.0
E058S,,101.0
E058T,,39.0
E058V,2.0,117.0
E058W,,1.0
E058X,,2.0
E058Y,,
S059A,1.0,75.0
S059C,3.0,142.0
S059D,,102.0
S059E,,61.0
S059F,,29.0
S059G,4.0,254.0
S059H,,43.0
S059I,,47.0
S059K,3.0,64.0
S059L,,71.0
S059M,,61.0
S059N,1.0,90.0
S059P,,1.0
S059Q,,82.0
S059R,1.0,320.0
S059S,9.0,133.0
S059T,,188.0
S059V,,147.0
S059W,,65.0
S059X,,15.0
S059Y,,74.0
F060A,,19.0
F060C,,17.0
F060D,,
F060E,,
F060F,1.0,26.0
F060G,,
F060H,,
F060I,,10.0
F060K,,1.0
F060L,3.0,40.0
F060M,,2.0
F060N,,
F060P,,
F060Q,,1.0
F060R,,24.0
F060S,,29.0
F060T,1.0,3.0
F060V,,13.0
F060W,,7.0
F060X,4.0,1.0
F060Y,,18.0
R061A,,
R061C,,5.0
R061D,,
R061E,,
R061F,,
R061G,1.0,
R061H,2.0,58.0
R061I,,
R061K,,25.0
R061L,,
R061M,5.0,
R061N,,11.0
R061P,16.0,1.0
R061Q,,2.0
R061R,3.0,182.0
R061S,,8.0
R061T,,2.0
R061V,1.0,
R061W,,
R061X,10.0,
R061Y,,
P062A,,39.0
P062C,,4.0
P062D,,15.0
P062E,,9.0
P062F,,15.0
P062G,,21.0
P062H,,79.0
P062I,,20.0
P062K,,7.0
P062L,1.0,145.0
P062M,,5.0
P062N,,21.0
P062P,1.0,190.0
P062Q,,46.0
P062R,3.0,99.0
P062S,,66.0
P062T,2.0,92.0
P062V,,23.0
P062W,,
P062X,5.0,
P062Y,,30.0
E063A,10.0,85.0
E063C,5.0,4.0
E063D,,66.0
E063E,,72.0
E063F,,14.0
E063G,,146.0
E063H,,35.0
E063I,,69.0
E063K,,92.0
E063L,5.0,142.0
E063M,,22.0
E063N,,54.0
E063P,80.0,
E063Q,3.0,63.0
E063R,,98.0
E063S,,115.0
E063T,,71.0
E063V,,229.0
E063W,,42.0
E063X,5.0,25.0
E063Y,,44.0
E064A,,28.0
E064C,,
E064D,,19.0
E064E,,8.0
E064F,,
E064G,1.0,12.0
E064H,,7.0
E064I,,5.0
E064K,1.0,25.0
E064L,,1.0
E064M,,1.0
E064N,,6.0
E064P,2.0,
E064Q,,7.0
E064R,3.0,16.0
E064S,,8.0
E064T,,12.0
E064V,,27.0
E064W,,
E064X,1.0,3.0
E064Y,,9.0
R065A,,23.0
R065C,1.0,21.0
R065D,,
R065E,,1.0
R065F,,6.0
R065G,3.0,
R065H,2.0,37.0
R065I,,14.0
R065K,,37.0
R065L,,106.0
R065M,,7.0
R065N,,6.0
R065P,,56.0
R065Q,,75.0
R065R,4.0,202.0
R065S,2.0,79.0
R065T,,66.0
R065V,,52.0
R065W,,
R065X,,2.0
R065Y,,13.0
F066A,6.0,
F066C,2.0,
F066D,,
F066E,16.0,
F066F,1.0,22.0
F066G,2.0,1.0
F066H,3.0,
F066I,1.0,
F066K,6.0,
F066L,6.0,
F066M,,5.0
F066N,2.0,
F066P,,
F066Q,,
F066R,30.0,
F066S,29.0,
F066T,1.0,
F066V,1.0,
F066W,,
F066X,5.0,
F066Y,,1.0
P067A,2.0,15.0
P067C,1.0,1.0
P067D,41.0,
P067E,8.0,
P067F,1.0,
P067G,,
P067H,,
P067I,,
P067K,,
P067L,1.0,
P067M,1.0,
P067N,,
P067P,9.0,136.0
P067Q,4.0,2.0
P067R,47.0,
P067S,9.0,1.0
P067T,,4.0
P067V,,
P067W,7.0,
P067X,9.0,
P067Y,6.0,
M068A,2.0,21.0
M068C,,24.0
M068D,,
M068E,,1.0
M068F,,14.0
M068G,,7.0
M068H,,1.0
M068I,1.0,58.0
M068K,13.0,
M068L,2.0,65.0
M068M,,
M068N,1.0,
M068P,38.0,
M068Q,,
M068R,15.0,1.0
M068S,,1.0
M068T,,10.0
M068V,1.0,96.0
M068W,55.0,
M068X,1.0,
M068Y,1.0,
M069A,1.0,42.0
M069C,,43.0
M069D,,6.0
M069E,2.0,2.0
M069F,1.0,2.0
M069G,,63.0
M069H,,19.0
M069I,1.0,37.0
M069K,4.0,1.0
M069L,1.0,76.0
M069M,,
M069N,,31.0
M069P,1.0,
M069Q,1.0,19.0
M069R,51.0,
M069S,,84.0
M069T,,73.0
M069V,,90.0
M069W,20.0,
M069X,,
M069Y,,
S070A,2.0,
S070C,20.0,5.0
S070D,1.0,4.0
S070E,,
S070F,,
S070G,11.0,3.0
S070H,3.0,
S070I,,
S070K,,
S070L,,
S070M,,1.0
S070N,1.0,
S070P,25.0,
S070Q,,
S070R,5.0,1.0
S070S,,62.0
S070T,1.0,
S070V,1.0,
S070W,,
S070X,1.0,
S070Y,,1.0
T071A,1.0,2.0
T071C,,2.0
T071D,7.0,
T071E,2.0,4.0
T071F,8.0,
T071G,,
T071H,1.0,4.0
T071I,,
T071K,,
T071L,,
T071M,,
T071N,1.0,
T071P,1.0,
T071Q,2.0,
T071R,2.0,
T071S,9.0,6.0
T071T,,43.0
T071V,,
T071W,,
T071X,,
T071Y,1.0,
F072A,,24.0
F072C,,11.0
F072D,9.0,
F072E,,
F072F,,11.0
F072G,,13.0
F072H,,8.0
F072I,,8.0
F072K,,
F072L,,6.0
F072M,,1.0
F072N,,
F072P,2.0,
F072Q,,
F072R,1.0,
F072S,,28.0
F072T,,
F072V,,29.0
F072W,,6.0
F072X,12.0,2.0
F072Y,,1.0
K073A,,
K073C,,
K073D,,
K073E,,2.0
K073F,,
K073G,,
K073H,3.0,
K073I,,
K073K,,8.0
K073L,,
K073M,,
K073N,1.0,
K073P,,
K073Q,1.0,
K073R,11.0,
K073S,1.0,
K073T,1.0,
K073V,,
K073W,,
K073X,,
K073Y,,
V074A,,16.0
V074C,,3.0
V074D,3.0,1.0
V074E,15.0,
V074F,1.0,
V074G,1.0,
V074H,,
V074I,,30.0
V074K,,
V074L,,
V074M,,
V074N,2.0,
V074P,,7.0
V074Q,,
V074R,1.0,5.0
V074S,1.0,3.0
V074T,,8.0
V074V,17.0,66.0
V074W,,
V074X,,
V074Y,2.0,
L075A,,32.0
L075C,,13.0
L075D,,
L075E,,
L075F,,8.0
L075G,,5.0
L075H,,9.0
L075I,,14.0
L075K,33.0,
L075L,,121.0
L075M,,46.0
L075N,,
L075P,4.0,51.0
L075Q,,1.0
L075R,1.0,2.0
L075S,9.0,28.0
L075T,,29.0
L075V,,77.0
L075W,,1.0
L075X,9.0,1.0
L075Y,,5.0
L076A,,3.0
L076C,1.0,
L076D,4.0,
L076E,1.0,
L076F,,
L076G,,
L076H,11.0,
L076I,,21.0
L076K,3.0,
L076L,2.0,65.0
L076M,,22.0
L076N,3.0,
L076P,58.0,1.0
L076Q,,
L076R,,1.0
L076S,,
L076T,,5.0
L076V,,49.0
L076W,,
L076X,3.0,
L076Y,,
C077A,,23.0
C077C,,41.0
C077D,2.0,
C077E,6.0,
C077F,,2.0
C077G,2.0,74.0
C077H,8.0,
C077I,,4.0
C077K,1.0,
C077L,,
C077M,,
C077N,,
C077P,5.0,4.0
C077Q,12.0,
C077R,2.0,1.0
C077S,,11.0
C077T,,9.0
C077V,,26.0
C077W,1.0,3.0
C077X,1.0,6.0
C077Y,,
G078A,,46.0
G078C,1.0,12.0
G078D,44.0,
G078E,26.0,1.0
G078F,,
G078G,3.0,85.0
G078H,,
G078I,,
G078K,1.0,
G078L,,
G078M,,
G078N,7.0,
G078P,4.0,
G078Q,4.0,
G078R,2.0,1.0
G078S,3.0,47.0
G078T,,10.0
G078V,,1.0
G078W,,
G078X,2.0,2.0
G078Y,1.0,
A079A,4.0,86.0
A079C,,3.0
A079D,,11.0
A079E,,17.0
A079F,,9.0
A079G,,17.0
A079H,,5.0
A079I,,2.0
A079K,,7.0
A079L,,17.0
A079M,,11.0
A079N,,4.0
A079P,29.0,
A079Q,1.0,8.0
A079R,,28.0
A079S,3.0,19.0
A079T,5.0,23.0
A079V,1.0,66.0
A079W,,
A079X,,
A079Y,,5.0
V080A,1.0,2.0
V080C,,3.0
V080D,24.0,1.0
V080E,1.0,
V080F,,
V080G,27.0,
V080H,,
V080I,1.0,51.0
V080K,1.0,
V080L,5.0,59.0
V080M,,13.0
V080N,,
V080P,,
V080Q,,
V080R,3.0,
V080S,,1.0
V080T,,11.0
V080V,11.0,67.0
V080W,,
V080X,7.0,1.0
V080Y,,
L081A,3.0,
L081C,1.0,
L081D,6.0,
L081E,1.0,
L081F,,4.0
L081G,5.0,1.0
L081H,12.0,
L081I,5.0,9.0
L081K,6.0,
L081L,29.0,154.0
L081M,,34.0
L081N,,
L081P,2.0,
L081Q,8.0,
L081R,96.0,
L081S,,2.0
L081T,1.0,
L081V,6.0,2.0
L081W,38.0,
L081X,91.0,3.0
L081Y,,
S082A,1.0,476.0
S082C,,85.0
S082D,,116.0
S082E,,66.0
S082F,3.0,202.0
S082G,,169.0
S082H,1.0,67.0
S082I,2.0,181.0
S082K,,49.0
S082L,4.0,238.0
S082M,,41.0
S082N,,86.0
S082P,116.0,131.0
S082Q,,62.0
S082R,3.0,175.0
S082S,4.0,498.0
S082T,,368.0
S082V,1.0,288.0
S082W,,26.0
S082X,4.0,9.0
S082Y,2.0,211.0
R083A,,43.0
R083C,1.0,5.0
R083D,,2.0
R083E,,4.0
R083F,,1.0
R083G,1.0,8.0
R083H,3.0,56.0
R083I,,4.0
R083K,1.0,20.0
R083L,,116.0
R083M,,
R083N,,6.0
R083P,64.0,12.0
R083Q,,42.0
R083R,2.0,225.0
R083S,,88.0
R083T,3.0,11.0
R083V,3.0,35.0
R083W,,3.0
R083X,,2.0
R083Y,,17.0
V084A,16.0,174.0
V084C,7.0,87.0
V084D,,9.0
V084E,7.0,1.0
V084F,,16.0
V084G,7.0,5.0
V084H,,37.0
V084I,2.0,118.0
V084K,,3.0
V084L,6.0,7.0
V084M,,3.0
V084N,,3.0
V084P,140.0,
V084Q,,2.0
V084R,11.0,40.0
V084S,2.0,122.0
V084T,1.0,124.0
V084V,12.0,340.0
V084W,,8.0
V084X,58.0,
V084Y,1.0,13.0
D085A,,2.0
D085C,,3.0
D085D,,85.0
D085E,1.0,191.0
D085F,1.0,
D085G,,4.0
D085H,,7.0
D085I,,1.0
D085K,,
D085L,3.0,1.0
D085M,,
D085N,,2.0
D085P,1.0,
D085Q,,70.0
D085R,4.0,1.0
D085S,2.0,9.0
D085T,3.0,3.0
D085V,,2.0
D085W,1.0,
D085X,3.0,
D085Y,,
A086A,1.0,210.0
A086C,,9.0
A086D,1.0,115.0
A086E,,26.0
A086F,,12.0
A086G,,88.0
A086H,,22.0
A086I,,18.0
A086K,,19.0
A086L,,35.0
A086M,,4.0
A086N,4.0,8.0
A086P,,
A086Q,,13.0
A086R,,22.0
A086S,,70.0
A086T,1.0,32.0
A086V,1.0,173.0
A086W,,
A086X,,
A086Y,,4.0
G087A,,122.0
G087C,,8.0
G087D,,45.0
G087E,,113.0
G087F,,1.0
G087G,1.0,321.0
G087H,,28.0
G087I,3.0,
G087K,,51.0
G087L,1.0,32.0
G087M,,36.0
G087N,,35.0
G087P,12.0,
G087Q,,42.0
G087R,4.0,233.0
G087S,,60.0
G087T,,20.0
G087V,,22.0
G087W,,4.0
G087X,1.0,2.0
G087Y,,8.0
Q088A,,73.0
Q088C,,38.0
Q088D,,23.0
Q088E,,165.0
Q088F,,12.0
Q088G,2.0,55.0
Q088H,,73.0
Q088I,,83.0
Q088K,,175.0
Q088L,1.0,187.0
Q088M,,10.0
Q088N,1.0,43.0
Q088P,,7.0
Q088Q,,38.0
Q088R,1.0,173.0
Q088S,1.0,97.0
Q088T,,58.0
Q088V,,54.0
Q088W,,23.0
Q088X,39.0,141.0
Q088Y,,31.0
E089A,,30.0
E089C,,14.0
E089D,,106.0
E089E,,38.0
E089F,,11.0
E089G,,7.0
E089H,,
E089I,,28.0
E089K,,
E089L,2.0,154.0
E089M,,25.0
E089N,,1.0
E089P,,2.0
E089Q,,10.0
E089R,1.0,
E089S,,4.0
E089T,,46.0
E089V,,174.0
E089W,,2.0
E089X,7.0,2.0
E089Y,,1.0
Q090A,5.0,103.0
Q090C,,61.0
Q090D,,51.0
Q090E,,111.0
Q090F,,33.0
Q090G,1.0,122.0
Q090H,1.0,201.0
Q090I,,91.0
Q090K,,116.0
Q090L,,694.0
Q090M,,22.0
Q090N,,78.0
Q090P,,168.0
Q090Q,,133.0
Q090R,6.0,832.0
Q090S,1.0,204.0
Q090T,,134.0
Q090V,,126.0
Q090W,,41.0
Q090X,78.0,60.0
Q090Y,,84.0
L091A,,27.0
L091C,,
L091D,,
L091E,,1.0
L091F,1.0,97.0
L091G,,5.0
L091H,,5.0
L091I,,183.0
L091K,,
L091L,6.0,266.0
L091M,,31.0
L091N,,
L091P,2.0,40.0
L091Q,,4.0
L091R,4.0,1.0
L091S,3.0,9.0
L091T,1.0,4.0
L091V,,34.0
L091W,,
L091X,5.0,3.0
L091Y,,19.0
G092A,1.0,97.0
G092C,,78.0
G092D,,114.0
G092E,,57.0
G092F,,27.0
G092G,,303.0
G092H,,30.0
G092I,,25.0
G092K,,38.0
G092L,,71.0
G092M,,7.0
G092N,,21.0
G092P,,13.0
G092Q,1.0,40.0
G092R,,154.0
G092S,,117.0
G092T,,18.0
G092V,,222.0
G092W,,18.0
G092X,1.0,
G092Y,,26.0
R093A,,9.0
R093C,3.0,5.0
R093D,,1.0
R093E,,
R093F,,1.0
R093G,,
R093H,2.0,64.0
R093I,,
R093K,,40.0
R093L,,1.0
R093M,,
R093N,1.0,3.0
R093P,90.0,1.0
R093Q,5.0,11.0
R093R,2.0,226.0
R093S,2.0,25.0
R093T,1.0,41.0
R093V,,1.0
R093W,,
R093X,12.0,
R093Y,,
R094A,,92.0
R094C,,44.0
R094D,,7.0
R094E,,14.0
R094F,,27.0
R094G,,12.0
R094H,,66.0
R094I,,26.0
R094K,1.0,17.0
R094L,,95.0
R094M,,16.0
R094N,,23.0
R094P,,36.0
R094Q,,46.0
R094R,,210.0
R094S,3.0,102.0
R094T,1.0,88.0
R094V,,62.0
R094W,,15.0
R094X,1.0,2.0
R094Y,,50.0
I095A,1.0,
I095C,,3.0
I095D,,
I095E,,
I095F,,
I095G,5.0,
I095H,,
I095I,1.0,44.0
I095K,1.0,
I095L,1.0,135.0
I095M,2.0,12.0
I095N,,
I095P,,
I095Q,,1.0
I095R,2.0,1.0
I095S,2.0,4.0
I095T,,4.0
I095V,1.0,102.0
I095W,,
I095X,46.0,
I095Y,,5.0
H096A,,72.0
H096C,,21.0
H096D,,62.0
H096E,,32.0
H096F,,13.0
H096G,,55.0
H096H,,17.0
H096I,,19.0
H096K,,14.0
H096L,,127.0
H096M,,14.0
H096N,,54.0
H096P,,61.0
H096Q,,67.0
H096R,1.0,164.0
H096S,,112.0
H096T,3.0,50.0
H096V,,59.0
H096W,,18.0
H096X,,
H096Y,,50.0
Y097A,,
Y097C,1.0,20.0
Y097D,56.0,1.0
Y097E,20.0,
Y097F,,32.0
Y097G,,1.0
Y097H,2.0,2.0
Y097I,,25.0
Y097K,25.0,
Y097L,3.0,27.0
Y097M,,1.0
Y097N,6.0,1.0
Y097P,,
Y097Q,2.0,
Y097R,24.0,
Y097S,,
Y097T,,
Y097V,,41.0
Y097W,,31.0
Y097X,9.0,2.0
Y097Y,1.0,44.0
S098A,,110.0
S098C,1.0,59.0
S098D,,45.0
S098E,,39.0
S098F,,35.0
S098G,,96.0
S098H,,46.0
S098I,,32.0
S098K,,24.0
S098L,1.0,80.0
S098M,,36.0
S098N,1.0,15.0
S098P,,15.0
S098Q,,7.0
S098R,,150.0
S098S,,215.0
S098T,1.0,108.0
S098V,,76.0
S098W,,25.0
S098X,,8.0
S098Y,,75.0
Q099A,,54.0
Q099C,,9.0
Q099D,,10.0
Q099E,,23.0
Q099F,,2.0
Q099G,,51.0
Q099H,1.0,40.0
Q099I,3.0,28.0
Q099K,,38.0
Q099L,1.0,82.0
Q099M,,18.0
Q099N,,3.0
Q099P,2.0,78.0
Q099Q,,17.0
Q099R,5.0,122.0
Q099S,,42.0
Q099T,,40.0
Q099V,,31.0
Q099W,,21.0
Q099X,15.0,4.0
Q099Y,,3.0
N100A,,7.0
N100C,,5.0
N100D,,17.0
N100E,,10.0
N100F,,5.0
N100G,,30.0
N100H,,10.0
N100I,,32.0
N100K,,21.0
N100L,,19.0
N100M,,14.0
N100N,,1.0
N100P,,8.0
N100Q,,
N100R,,17.0
N100S,,27.0
N100T,,12.0
N100V,,8.0
N100W,,
N100X,,3.0
N100Y,,15.0
D101A,1.0,108.0
D101C,,5.0
D101D,,41.0
D101E,,91.0
D101F,,5.0
D101G,1.0,13.0
D101H,,32.0
D101I,,36.0
D101K,,15.0
D101L,,27.0
D101M,2.0,16.0
D101N,,41.0
D101P,,
D101Q,,37.0
D101R,,58.0
D101S,,74.0
D101T,1.0,51.0
D101V,,118.0
D101W,,4.0
D101X,4.0,1.0
D101Y,,6.0
L102A,,
L102C,,
L102D,,
L102E,,
L102F,,6.0
L102G,,
L102H,,
L102I,,2.0
L102K,,
L102L,,11.0
L102M,,
L102N,,
L102P,,
L102Q,,
L102R,,
L102S,1.0,3.0
L102T,,
L102V,,16.0
L102W,,
L102X,,3.0
L102Y,,1.0
V103A,,10.0
V103C,,14.0
V103D,,5.0
V103E,,13.0
V103F,,3.0
V103G,,6.0
V103H,,
V103I,,2.0
V103K,,
V103L,,5.0
V103M,,
V103N,,1.0
V103P,,
V103Q,,3.0
V103R,,12.0
V103S,,9.0
V103T,,4.0
V103V,,36.0
V103W,,
V103X,,1.0
V103Y,,
E104A,,20.0
E104C,,2.0
E104D,,
E104E,,2.0
E104F,,
E104G,1.0,31.0
E104H,,
E104I,,1.0
E104K,,21.0
E104L,,11.0
E104M,,18.0
E104N,,5.0
E104P,,8.0
E104Q,,3.0
E104R,,14.0
E104S,,9.0
E104T,,8.0
E104V,,34.0
E104W,,
E104X,2.0,
E104Y,,
Y105A,,
Y105C,,3.0
Y105D,,1.0
Y105E,,
Y105F,,14.0
Y105G,,2.0
Y105H,,2.0
Y105I,,
Y105K,,
Y105L,,
Y105M,,
Y105N,,4.0
Y105P,,1.0
Y105Q,,
Y105R,,
Y105S,,1.0
Y105T,,1.0
Y105V,,
Y105W,,1.0
Y105X,16.0,1.0
Y105Y,1.0,4.0
S106A,2.0,34.0
S106C,,2.0
S106D,,
S106E,38.0,
S106F,,
S106G,,7.0
S106H,,
S106I,,
S106K,,
S106L,30.0,2.0
S106M,,
S106N,,3.0
S106P,,
S106Q,2.0,
S106R,,2.0
S106S,7.0,55.0
S106T,1.0,9.0
S106V,,
S106W,,
S106X,3.0,1.0
S106Y,,
P107A,,1.0
P107C,,
P107D,,
P107E,,3.0
P107F,,
P107G,,
P107H,1.0,2.0
P107I,,1.0
P107K,,
P107L,1.0,9.0
P107M,,
P107N,,
P107P,1.0,42.0
P107Q,,8.0
P107R,3.0,2.0
P107S,1.0,
P107T,,2.0
P107V,,4.0
P107W,,
P107X,,1.0
P107Y,,
V108A,,45.0
V108C,,30.0
V108D,,15.0
V108E,4.0,24.0
V108F,,19.0
V108G,,9.0
V108H,,5.0
V108I,,37.0
V108K,,3.0
V108L,,41.0
V108M,,18.0
V108N,,1.0
V108P,21.0,
V108Q,,20.0
V108R,,21.0
V108S,,40.0
V108T,,10.0
V108V,2.0,78.0
V108W,,7.0
V108X,38.0,
V108Y,,9.0
T109A,,48.0
T109C,,5.0
T109D,4.0,
T109E,21.0,
T109F,,
T109G,,
T109H,21.0,
T109I,,
T109K,34.0,
T109L,,18.0
T109M,,
T109N,,
T109P,19.0,
T109Q,38.0,
T109R,67.0,1.0
T109S,,61.0
T109T,4.0,29.0
T109V,1.0,9.0
T109W,2.0,4.0
T109X,,1.0
T109Y,4.0,
E110A,1.0,10.0
E110C,,4.0
E110D,,28.0
E110E,,15.0
E110F,,3.0
E110G,,72.0
E110H,,6.0
E110I,1.0,8.0
E110K,1.0,19.0
E110L,,17.0
E110M,,
E110N,,13.0
E110P,,1.0
E110Q,,6.0
E110R,2.0,28.0
E110S,,19.0
E110T,,17.0
E110V,1.0,31.0
E110W,,4.0
E110X,11.0,3.0
E110Y,,2.0
K111A,,23.0
K111C,,3.0
K111D,,2.0
K111E,,47.0
K111F,,
K111G,,34.0
K111H,,2.0
K111I,,20.0
K111K,,19.0
K111L,,29.0
K111M,,15.0
K111N,,23.0
K111P,,3.0
K111Q,,16.0
K111R,1.0,81.0
K111S,,44.0
K111T,,24.0
K111V,,10.0
K111W,,6.0
K111X,2.0,1.0
K111Y,,1.0
H112A,,9.0
H112C,,12.0
H112D,1.0,
H112E,,
H112F,4.0,7.0
H112G,,8.0
H112H,,11.0
H112I,,
H112K,,7.0
H112L,,24.0
H112M,,
H112N,,6.0
H112P,,
H112Q,,42.0
H112R,,42.0
H112S,,13.0
H112T,,
H112V,,
H112W,,4.0
H112X,,
H112Y,,17.0
L113A,,
L113C,,11.0
L113D,,4.0
L113E,,4.0
L113F,,7.0
L113G,,1.0
L113H,,21.0
L113I,,32.0
L113K,,3.0
L113L,1.0,40.0
L113M,,4.0
L113N,,1.0
L113P,,4.0
L113Q,,10.0
L113R,,31.0
L113S,,11.0
L113T,,16.0
L113V,,16.0
L113W,,1.0
L113X,11.0,
L113Y,,3.0
T114A,,21.0
T114C,,5.0
T114D,,4.0
T114E,,5.0
T114F,,2.0
T114G,,5.0
T114H,,6.0
T114I,,
T114K,,13.0
T114L,,13.0
T114M,,10.0
T114N,,18.0
T114P,,26.0
T114Q,,1.0
T114R,,42.0
T114S,,29.0
T114T,,38.0
T114V,,12.0
T114W,,5.0
T114X,,1.0
T114Y,,4.0
D115A,,18.0
D115C,,11.0
D115D,3.0,13.0
D115E,,35.0
D115F,,1.0
D115G,,51.0
D115H,,11.0
D115I,,5.0
D115K,,19.0
D115L,,12.0
D115M,,5.0
D115N,,18.0
D115P,,
D115Q,,13.0
D115R,,36.0
D115S,,15.0
D115T,,12.0
D115V,,30.0
D115W,,
D115X,,
D115Y,,18.0
G116A,,
G116C,,3.0
G116D,,3.0
G116E,,
G116F,,
G116G,5.0,44.0
G116H,,
G116I,,
G116K,,
G116L,,
G116M,,
G116N,,
G116P,,
G116Q,,
G116R,,
G116S,,1.0
G116T,,
G116V,,1.0
G116W,,
G116X,,
G116Y,,
M117A,,
M117C,,2.0
M117D,11.0,
M117E,,
M117F,13.0,
M117G,,
M117H,,
M117I,2.0,27.0
M117K,,
M117L,2.0,72.0
M117M,,
M117N,1.0,
M117P,12.0,
M117Q,,5.0
M117R,3.0,2.0
M117S,,
M117T,,
M117V,,16.0
M117W,2.0,
M117X,,
M117Y,,
T118A,1.0,5.0
T118C,,
T118D,,1.0
T118E,,8.0
T118F,,
T118G,,1.0
T118H,,
T118I,,
T118K,,3.0
T118L,,3.0
T118M,,1.0
T118N,,1.0
T118P,,
T118Q,,
T118R,,2.0
T118S,,24.0
T118T,,14.0
T118V,,1.0
T118W,,
T118X,,
T118Y,,
V119A,1.0,
V119C,,
V119D,14.0,
V119E,,
V119F,,
V119G,5.0,1.0
V119H,,
V119I,1.0,28.0
V119K,1.0,
V119L,,55.0
V119M,,2.0
V119N,,
V119P,,
V119Q,,
V119R,11.0,1.0
V119S,,
V119T,1.0,11.0
V119V,1.0,55.0
V119W,2.0,
V119X,,
V119Y,,
R120A,,18.0
R120C,,31.0
R120D,,16.0
R120E,,23.0
R120F,,23.0
R120G,,38.0
R120H,,10.0
R120I,,21.0
R120K,,31.0
R120L,,49.0
R120M,,6.0
R120N,,26.0
R120P,,
R120Q,,28.0
R120R,1.0,100.0
R120S,,59.0
R120T,,33.0
R120V,,46.0
R120W,,8.0
R120X,5.0,5.0
R120Y,1.0,16.0
E121A,1.0,43.0
E121C,,1.0
E121D,,61.0
E121E,,37.0
E121F,,
E121G,,108.0
E121H,,4.0
E121I,14.0,
E121K,,
E121L,,
E121M,,
E121N,,2.0
E121P,4.0,
E121Q,,4.0
E121R,,
E121S,,11.0
E121T,,
E121V,7.0,1.0
E121W,,
E121X,,1.0
E121Y,,
L122A,,
L122C,,
L122D,,
L122E,31.0,
L122F,,
L122G,,
L122H,,
L122I,,2.0
L122K,6.0,
L122L,,21.0
L122M,,6.0
L122N,1.0,
L122P,,
L122Q,,
L122R,,
L122S,,
L122T,,
L122V,3.0,2.0
L122W,,
L122X,4.0,
L122Y,1.0,
C123A,,9.0
C123C,,26.0
C123D,2.0,
C123E,3.0,
C123F,19.0,
C123G,1.0,2.0
C123H,8.0,
C123I,,
C123K,,
C123L,,
C123M,,3.0
C123N,,
C123P,,
C123Q,,
C123R,,
C123S,,
C123T,,
C123V,2.0,1.0
C123W,,
C123X,6.0,
C123Y,,4.0
S124A,,8.0
S124C,,9.0
S124D,,18.0
S124E,,
S124F,,16.0
S124G,,51.0
S124H,,11.0
S124I,,20.0
S124K,,12.0
S124L,,4.0
S124M,,2.0
S124N,,16.0
S124P,,
S124Q,,15.0
S124R,,58.0
S124S,,19.0
S124T,,20.0
S124V,,40.0
S124W,,21.0
S124X,1.0,
S124Y,,9.0
A125A,,49.0
A125C,,29.0
A125D,,1.0
A125E,,
A125F,,
A125G,,10.0
A125H,,
A125I,,
A125K,,
A125L,,
A125M,,
A125N,,
A125P,,
A125Q,,
A125R,10.0,
A125S,,18.0
A125T,,1.0
A125V,,50.0
A125W,,
A125X,,
A125Y,,
A126A,1.0,58.0
A126C,,10.0
A126D,47.0,
A126E,66.0,
A126F,,
A126G,1.0,22.0
A126H,,
A126I,,
A126K,2.0,
A126L,,
A126M,,1.0
A126N,,
A126P,,
A126Q,,
A126R,1.0,
A126S,,35.0
A126T,1.0,57.0
A126V,,46.0
A126W,,
A126X,10.0,
A126Y,,
I127A,1.0,
I127C,,14.0
I127D,18.0,
I127E,54.0,1.0
I127F,,
I127G,70.0,
I127H,,
I127I,1.0,25.0
I127K,,
I127L,,64.0
I127M,,37.0
I127N,1.0,1.0
I127P,,
I127Q,,
I127R,2.0,
I127S,1.0,1.0
I127T,,3.0
I127V,4.0,117.0
I127W,,
I127X,7.0,1.0
I127Y,4.0,1.0
T128A,,72.0
T128C,,17.0
T128D,,6.0
T128E,,17.0
T128F,,
T128G,,50.0
T128H,,
T128I,,35.0
T128K,,
T128L,,40.0
T128M,,1.0
T128N,,7.0
T128P,1.0,1.0
T128Q,,16.0
T128R,,20.0
T128S,,82.0
T128T,,125.0
T128V,,61.0
T128W,,
T128X,2.0,
T128Y,,
M129A,,28.0
M129C,,22.0
M129D,,2.0
M129E,,11.0
M129F,,17.0
M129G,,
M129H,,4.0
M129I,,44.0
M129K,,25.0
M129L,,70.0
M129M,,
M129N,,9.0
M129P,7.0,
M129Q,1.0,25.0
M129R,,55.0
M129S,,36.0
M129T,,25.0
M129V,,51.0
M129W,,12.0
M129X,6.0,
M129Y,,8.0
S130A,1.0,
S130C,,
S130D,,
S130E,,
S130F,1.0,
S130G,,
S130H,,
S130I,1.0,1.0
S130K,,
S130L,,
S130M,,
S130N,,
S130P,,
S130Q,,
S130R,2.0,
S130S,,14.0
S130T,7.0,
S130V,,
S130W,,
S130X,,
S130Y,,
D131A,4.0,1.0
D131C,82.0,
D131D,,48.0
D131E,124.0,
D131F,,
D131G,39.0,2.0
D131H,1.0,
D131I,,
D131K,2.0,
D131L,1.0,
D131M,,
D131N,81.0,
D131P,,
D131Q,,
D131R,2.0,
D131S,220.0,
D131T,,
D131V,2.0,
D131W,,
D131X,1.0,
D131Y,,1.0
N132A,,
N132C,,
N132D,,1.0
N132E,7.0,
N132F,1.0,
N132G,,
N132H,16.0,
N132I,2.0,
N132K,2.0,1.0
N132L,1.0,
N132M,7.0,
N132N,1.0,6.0
N132P,32.0,
N132Q,,
N132R,3.0,
N132S,1.0,
N132T,7.0,
N132V,20.0,
N132W,,
N132X,,
N132Y,1.0,
T133A,,26.0
T133C,,1.0
T133D,5.0,
T133E,,
T133F,,
T133G,,17.0
T133H,,
T133I,2.0,1.0
T133K,,
T133L,,
T133M,1.0,
T133N,1.0,
T133P,3.0,
T133Q,,
T133R,2.0,1.0
T133S,1.0,27.0
T133T,4.0,106.0
T133V,,
T133W,,
T133X,,
T133Y,,
A134A,1.0,31.0
A134C,,
A134D,,
A134E,,1.0
A134F,,
A134G,1.0,1.0
A134H,,
A134I,,
A134K,,
A134L,,
A134M,,
A134N,,
A134P,,
A134Q,,
A134R,1.0,
A134S,,17.0
A134T,2.0,2.0
A134V,7.0,4.0
A134W,,
A134X,,
A134Y,,
A135A,1.0,61.0
A135C,,
A135D,2.0,3.0
A135E,10.0,
A135F,2.0,
A135G,,91.0
A135H,24.0,
A135I,4.0,
A135K,2.0,
A135L,,
A135M,2.0,
A135N,,
A135P,,1.0
A135Q,,2.0
A135R,2.0,
A135S,,37.0
A135T,1.0,63.0
A135V,,11.0
A135W,,
A135X,,
A135Y,,
N136A,,2.0
N136C,,
N136D,,1.0
N136E,,
N136F,1.0,
N136G,9.0,
N136H,,
N136I,,10.0
N136K,,
N136L,,
N136M,,
N136N,,22.0
N136P,2.0,
N136Q,,
N136R,3.0,
N136S,4.0,1.0
N136T,,5.0
N136V,,
N136W,1.0,
N136X,,
N136Y,,1.0
L137A,,5.0
L137C,,
L137D,86.0,
L137E,,2.0
L137F,1.0,12.0
L137G,2.0,
L137H,,
L137I,,55.0
L137K,,
L137L,,111.0
L137M,,13.0
L137N,,
L137P,,
L137Q,,15.0
L137R,3.0,
L137S,,4.0
L137T,,10.0
L137V,4.0,183.0
L137W,,2.0
L137X,3.0,5.0
L137Y,3.0,1.0
L138A,2.0,5.0
L138C,1.0,
L138D,1.0,
L138E,60.0,
L138F,21.0,2.0
L138G,7.0,
L138H,129.0,4.0
L138I,2.0,86.0
L138K,,
L138L,32.0,198.0
L138M,,9.0
L138N,79.0,
L138P,1.0,
L138Q,103.0,
L138R,3.0,2.0
L138S,4.0,
L138T,1.0,1.0
L138V,2.0,102.0
L138W,,
L138X,2.0,
L138Y,,
L139A,1.0,1.0
L139C,,1.0
L139D,52.0,2.0
L139E,1.0,
L139F,,18.0
L139G,,1.0
L139H,2.0,
L139I,,44.0
L139K,40.0,
L139L,5.0,135.0
L139M,,89.0
L139N,,
L139P,1.0,1.0
L139Q,6.0,1.0
L139R,621.0,
L139S,5.0,1.0
L139T,2.0,36.0
L139V,1.0,137.0
L139W,3.0,
L139X,20.0,1.0
L139Y,,41.0
T140A,1.0,56.0
T140C,,15.0
T140D,,42.0
T140E,,12.0
T140F,,8.0
T140G,,37.0
T140H,,9.0
T140I,,28.0
T140K,,15.0
T140L,,45.0
T140M,,11.0
T140N,,14.0
T140P,,
T140Q,,4.0
T140R,,46.0
T140S,,45.0
T140T,,49.0
T140V,2.0,6.0
T140W,,11.0
T140X,5.0,4.0
T140Y,,10.0
T141A,,40.0
T141C,,11.0
T141D,,7.0
T141E,,10.0
T141F,,
T141G,,19.0
T141H,,5.0
T141I,,12.0
T141K,,6.0
T141L,2.0,10.0
T141M,,15.0
T141N,,13.0
T141P,,1.0
T141Q,,18.0
T141R,,74.0
T141S,,49.0
T141T,,30.0
T141V,,25.0
T141W,,1.0
T141X,,2.0
T141Y,,4.0
I142A,,1.0
I142C,,3.0
I142D,,
I142E,,
I142F,,3.0
I142G,,
I142H,,
I142I,8.0,17.0
I142K,,
I142L,,8.0
I142M,1.0,9.0
I142N,,
I142P,13.0,
I142Q,,1.0
I142R,6.0,
I142S,,
I142T,2.0,4.0
I142V,,9.0
I142W,,
I142X,17.0,
I142Y,,12.0
G143A,,1.0
G143C,,
G143D,,1.0
G143E,,5.0
G143F,,
G143G,1.0,49.0
G143H,,1.0
G143I,,
G143K,,2.0
G143L,,
G143M,,
G143N,,1.0
G143P,,
G143Q,,
G143R,,
G143S,,
G143T,,
G143V,1.0,2.0
G143W,,
G143X,1.0,
G143Y,,
G144A,1.0,
G144C,,
G144D,,
G144E,1.0,2.0
G144F,1.0,
G144G,1.0,71.0
G144H,,
G144I,6.0,
G144K,,
G144L,,
G144M,,
G144N,,
G144P,,
G144Q,,
G144R,2.0,1.0
G144S,,1.0
G144T,,
G144V,4.0,2.0
G144W,6.0,
G144X,18.0,2.0
G144Y,,
P145A,,26.0
P145C,,
P145D,2.0,
P145E,5.0,
P145F,,
P145G,,
P145H,,10.0
P145I,,
P145K,,
P145L,2.0,1.0
P145M,,
P145N,,
P145P,,61.0
P145Q,,3.0
P145R,7.0,
P145S,,9.0
P145T,,32.0
P145V,2.0,
P145W,,
P145X,,
P145Y,,
K146A,,45.0
K146C,,12.0
K146D,,14.0
K146E,1.0,93.0
K146F,,2.0
K146G,,42.0
K146H,,12.0
K146I,,32.0
K146K,,20.0
K146L,,34.0
K146M,,45.0
K146N,,31.0
K146P,,27.0
K146Q,,54.0
K146R,,136.0
K146S,,78.0
K146T,,104.0
K146V,1.0,54.0
K146W,1.0,17.0
K146X,9.0,64.0
K146Y,,11.0
E147A,1.0,76.0
E147C,,21.0
E147D,,50.0
E147E,,10.0
E147F,,5.0
E147G,4.0,74.0
E147H,1.0,4.0
E147I,,20.0
E147K,,29.0
E147L,,25.0
E147M,,4.0
E147N,1.0,8.0
E147P,,23.0
E147Q,,21.0
E147R,,106.0
E147S,,41.0
E147T,,36.0
E147V,2.0,62.0
E147W,,23.0
E147X,18.0,5.0
E147Y,,17.0
L148A,3.0,3.0
L148C,,
L148D,,
L148E,4.0,
L148F,,19.0
L148G,,
L148H,7.0,1.0
L148I,1.0,39.0
L148K,15.0,
L148L,4.0,169.0
L148M,,23.0
L148N,1.0,
L148P,17.0,1.0
L148Q,1.0,1.0
L148R,1.0,5.0
L148S,43.0,
L148T,2.0,
L148V,2.0,70.0
L148W,,
L148X,6.0,2.0
L148Y,,2.0
T149A,,26.0
T149C,5.0,8.0
T149D,,19.0
T149E,,12.0
T149F,,
T149G,,57.0
T149H,3.0,14.0
T149I,,36.0
T149K,,9.0
T149L,,9.0
T149M,,3.0
T149N,,53.0
T149P,,1.0
T149Q,,8.0
T149R,,46.0
T149S,3.0,87.0
T149T,,82.0
T149V,,10.0
T149W,,
T149X,,
T149Y,1.0,
A150A,4.0,149.0
A150C,,17.0
A150D,2.0,85.0
A150E,,41.0
A150F,,13.0
A150G,,87.0
A150H,,21.0
A150I,,15.0
A150K,,16.0
A150L,,36.0
A150M,,
A150N,,35.0
A150P,,3.0
A150Q,,17.0
A150R,,43.0
A150S,,67.0
A150T,5.0,96.0
A150V,2.0,129.0
A150W,,6.0
A150X,,
A150Y,,17.0
F151A,,39.0
F151C,2.0,3.0
F151D,,
F151E,,9.0
F151F,,10.0
F151G,,
F151H,,6.0
F151I,1.0,59.0
F151K,,24.0
F151L,6.0,68.0
F151M,,12.0
F151N,,
F151P,27.0,
F151Q,,3.0
F151R,,4.0
F151S,7.0,8.0
F151T,,27.0
F151V,,37.0
F151W,,11.0
F151X,1.0,
F151Y,,22.0
L152A,,52.0
L152C,9.0,115.0
L152D,22.0,
L152E,2.0,
L152F,1.0,20.0
L152G,3.0,5.0
L152H,2.0,
L152I,,44.0
L152K,19.0,
L152L,3.0,73.0
L152M,,37.0
L152N,,
L152P,46.0,1.0
L152Q,,
L152R,8.0,
L152S,12.0,23.0
L152T,,41.0
L152V,,65.0
L152W,1.0,16.0
L152X,39.0,24.0
L152Y,,26.0
H153A,,5.0
H153C,,8.0
H153D,,8.0
H153E,,4.0
H153F,,
H153G,,12.0
H153H,,19.0
H153I,,9.0
H153K,,5.0
H153L,,45.0
H153M,,
H153N,,26.0
H153P,,
H153Q,,41.0
H153R,,46.0
H153S,,4.0
H153T,,4.0
H153V,,7.0
H153W,,5.0
H153X,2.0,
H153Y,,7.0
N154A,,9.0
N154C,9.0,16.0
N154D,2.0,19.0
N154E,,8.0
N154F,,9.0
N154G,,11.0
N154H,,3.0
N154I,,17.0
N154K,,24.0
N154L,,11.0
N154M,,1.0
N154N,,7.0
N154P,,
N154Q,,4.0
N154R,2.0,18.0
N154S,,15.0
N154T,,15.0
N154V,2.0,15.0
N154W,1.0,
N154X,8.0,
N154Y,2.0,15.0
M155A,,20.0
M155C,,6.0
M155D,,
M155E,,1.0
M155F,,
M155G,,7.0
M155H,,11.0
M155I,1.0,21.0
M155K,,8.0
M155L,,18.0
M155M,,
M155N,,19.0
M155P,7.0,
M155Q,,2.0
M155R,,8.0
M155S,,26.0
M155T,,19.0
M155V,,10.0
M155W,,6.0
M155X,1.0,1.0
M155Y,,4.0
G156A,,17.0
G156C,,
G156D,,9.0
G156E,,34.0
G156F,,
G156G,1.0,20.0
G156H,,
G156I,,
G156K,,9.0
G156L,,
G156M,,
G156N,,2.0
G156P,,
G156Q,,21.0
G156R,,10.0
G156S,,10.0
G156T,,
G156V,,5.0
G156W,,3.0
G156X,,
G156Y,,
D157A,16.0,
D157C,1.0,
D157D,6.0,13.0
D157E,1.0,
D157F,8.0,
D157G,77.0,2.0
D157H,13.0,
D157I,7.0,
D157K,,
D157L,18.0,
D157M,8.0,
D157N,,
D157P,11.0,
D157Q,,
D157R,5.0,
D157S,1.0,4.0
D157T,14.0,
D157V,59.0,
D157W,,
D157X,,2.0
D157Y,9.0,
H158A,,13.0
H158C,,11.0
H158D,,15.0
H158E,,5.0
H158F,,9.0
H158G,,8.0
H158H,,11.0
H158I,,16.0
H158K,,10.0
H158L,,17.0
H158M,,1.0
H158N,,21.0
H158P,,32.0
H158Q,,33.0
H158R,1.0,41.0
H158S,1.0,30.0
H158T,,20.0
H158V,,7.0
H158W,,11.0
H158X,,
H158Y,1.0,17.0
V159A,,14.0
V159C,,2.0
V159D,,3.0
V159E,,15.0
V159F,,2.0
V159G,,46.0
V159H,,
V159I,,9.0
V159K,,1.0
V159L,,6.0
V159M,,2.0
V159N,,3.0
V159P,,
V159Q,,2.0
V159R,,14.0
V159S,,2.0
V159T,,2.0
V159V,,34.0
V159W,,1.0
V159X,1.0,1.0
V159Y,,2.0
T160A,3.0,4.0
T160C,2.0,
T160D,69.0,
T160E,2.0,
T160F,,1.0
T160G,,
T160H,28.0,
T160I,6.0,
T160K,1.0,
T160L,59.0,1.0
T160M,1.0,
T160N,37.0,1.0
T160P,32.0,
T160Q,16.0,
T160R,1.0,
T160S,2.0,84.0
T160T,15.0,118.0
T160V,7.0,
T160W,1.0,
T160X,1.0,
T160Y,48.0,
R161A,,2.0
R161C,2.0,2.0
R161D,1.0,
R161E,,
R161F,,
R161G,,
R161H,2.0,16.0
R161I,,1.0
R161K,,5.0
R161L,,
R161M,,3.0
R161N,,3.0
R161P,,
R161Q,,16.0
R161R,1.0,63.0
R161S,,42.0
R161T,,11.0
R161V,,14.0
R161W,,3.0
R161X,,
R161Y,,1.0
L162A,,61.0
L162C,,44.0
L162D,1.0,
L162E,3.0,
L162F,2.0,49.0
L162G,,
L162H,,3.0
L162I,,40.0
L162K,,
L162L,28.0,122.0
L162M,,18.0
L162N,,7.0
L162P,3.0,
L162Q,1.0,12.0
L162R,237.0,4.0
L162S,4.0,83.0
L162T,1.0,81.0
L162V,1.0,65.0
L162W,2.0,
L162X,3.0,1.0
L162Y,,8.0
D163A,,9.0
D163C,,4.0
D163D,,18.0
D163E,,67.0
D163F,,
D163G,,
D163H,,2.0
D163I,1.0,
D163K,,
D163L,,
D163M,,1.0
D163N,,20.0
D163P,20.0,
D163Q,,1.0
D163R,1.0,
D163S,1.0,48.0
D163T,,4.0
D163V,1.0,8.0
D163W,,
D163X,5.0,
D163Y,1.0,1.0
R164A,,1.0
R164C,,8.0
R164D,,5.0
R164E,,
R164F,,
R164G,,19.0
R164H,,10.0
R164I,1.0,
R164K,,4.0
R164L,,
R164M,,
R164N,,14.0
R164P,27.0,1.0
R164Q,,6.0
R164R,5.0,124.0
R164S,2.0,48.0
R164T,,5.0
R164V,,
R164W,,
R164X,16.0,
R164Y,1.0,
W165A,1.0,59.0
W165C,,59.0
W165D,,18.0
W165E,3.0,24.0
W165F,,13.0
W165G,,110.0
W165H,,14.0
W165I,,34.0
W165K,,57.0
W165L,1.0,72.0
W165M,,27.0
W165N,1.0,28.0
W165P,,37.0
W165Q,,9.0
W165R,1.0,158.0
W165S,1.0,93.0
W165T,,36.0
W165V,1.0,71.0
W165W,,
W165X,61.0,36.0
W165Y,,34.0
E166A,1.0,
E166C,,
E166D,,
E166E,1.0,34.0
E166F,,
E166G,,1.0
E166H,,
E166I,,
E166K,6.0,
E166L,,
E166M,1.0,
E166N,,
E166P,5.0,
E166Q,3.0,
E166R,16.0,
E166S,,
E166T,1.0,
E166V,3.0,
E166W,,
E166X,,1.0
E166Y,,
P167A,,21.0
P167C,,13.0
P167D,,7.0
P167E,,2.0
P167F,,
P167G,,
P167H,,
P167I,,16.0
P167K,,8.0
P167L,1.0,75.0
P167M,,14.0
P167N,,6.0
P167P,,41.0
P167Q,1.0,8.0
P167R,,17.0
P167S,,36.0
P167T,,78.0
P167V,,38.0
P167W,,1.0
P167X,4.0,
P167Y,,
E168A,3.0,93.0
E168C,,43.0
E168D,,54.0
E168E,1.0,39.0
E168F,,20.0
E168G,,151.0
E168H,,21.0
E168I,,13.0
E168K,1.0,76.0
E168L,1.0,65.0
E168M,,33.0
E168N,1.0,39.0
E168P,,1.0
E168Q,2.0,51.0
E168R,,107.0
E168S,,97.0
E168T,,63.0
E168V,2.0,124.0
E168W,,34.0
E168X,16.0,15.0
E168Y,,35.0
L169A,13.0,15.0
L169C,,34.0
L169D,,
L169E,,
L169F,,
L169G,,
L169H,,
L169I,,46.0
L169K,,
L169L,3.0,92.0
L169M,,76.0
L169N,,
L169P,1.0,1.0
L169Q,,
L169R,4.0,
L169S,,
L169T,,27.0
L169V,1.0,71.0
L169W,4.0,2.0
L169X,3.0,
L169Y,,
N170A,,16.0
N170C,,6.0
N170D,,12.0
N170E,1.0,
N170F,1.0,
N170G,,86.0
N170H,,
N170I,,3.0
N170K,,1.0
N170L,2.0,
N170M,,
N170N,,32.0
N170P,,
N170Q,,8.0
N170R,1.0,2.0
N170S,1.0,82.0
N170T,1.0,27.0
N170V,,3.0
N170W,,
N170X,,2.0
N170Y,,5.0
E171A,2.0,63.0
E171C,,24.0
E171D,1.0,135.0
E171E,,66.0
E171F,,8.0
E171G,1.0,176.0
E171H,,35.0
E171I,,48.0
E171K,,44.0
E171L,,45.0
E171M,,1.0
E171N,,15.0
E171P,4.0,
E171Q,,22.0
E171R,,74.0
E171S,,45.0
E171T,,41.0
E171V,2.0,133.0
E171W,,16.0
E171X,2.0,10.0
E171Y,,40.0
A172A,1.0,143.0
A172C,,53.0
A172D,1.0,50.0
A172E,,1.0
A172F,,26.0
A172G,2.0,180.0
A172H,,22.0
A172I,,19.0
A172K,,1.0
A172L,1.0,30.0
A172M,,3.0
A172N,,21.0
A172P,,26.0
A172Q,,7.0
A172R,,47.0
A172S,1.0,131.0
A172T,,45.0
A172V,4.0,159.0
A172W,,6.0
A172X,10.0,
A172Y,,18.0
I173A,,21.0
I173C,,9.0
I173D,,15.0
I173E,,19.0
I173F,,21.0
I173G,,76.0
I173H,,2.0
I173I,,28.0
I173K,,24.0
I173L,1.0,40.0
I173M,,14.0
I173N,,2.0
I173P,,8.0
I173Q,,8.0
I173R,1.0,58.0
I173S,1.0,53.0
I173T,,32.0
I173V,,59.0
I173W,,10.0
I173X,4.0,3.0
I173Y,,16.0
P174A,,151.0
P174C,,22.0
P174D,,37.0
P174E,,61.0
P174F,4.0,19.0
P174G,1.0,84.0
P174H,,65.0
P174I,,29.0
P174K,,53.0
P174L,2.0,217.0
P174M,,12.0
P174N,,35.0
P174P,1.0,142.0
P174Q,,118.0
P174R,,310.0
P174S,3.0,178.0
P174T,1.0,206.0
P174V,,80.0
P174W,,12.0
P174X,39.0,1.0
P174Y,,32.0
N175A,,43.0
N175C,,18.0
N175D,,51.0
N175E,1.0,25.0
N175F,,21.0
N175G,,63.0
N175H,,18.0
N175I,1.0,52.0
N175K,,67.0
N175L,,58.0
N175M,,4.0
N175N,,66.0
N175P,,2.0
N175Q,,32.0
N175R,,58.0
N175S,3.0,84.0
N175T,1.0,73.0
N175V,,20.0
N175W,,9.0
N175X,9.0,
N175Y,3.0,70.0
D176A,1.0,
D176C,,2.0
D176D,,30.0
D176E,14.0,60.0
D176F,,1.0
D176G,,2.0
D176H,,
D176I,1.0,
D176K,,2.0
D176L,9.0,
D176M,,
D176N,,2.0
D176P,,
D176Q,,1.0
D176R,1.0,
D176S,,25.0
D176T,2.0,1.0
D176V,1.0,
D176W,1.0,
D176X,,
D176Y,,3.0
E177A,2.0,108.0
E177C,,57.0
E177D,1.0,83.0
E177E,,55.0
E177F,,43.0
E177G,2.0,216.0
E177H,,19.0
E177I,,87.0
E177K,2.0,119.0
E177L,,101.0
E177M,,35.0
E177N,,37.0
E177P,,66.0
E177Q,,79.0
E177R,1.0,252.0
E177S,3.0,273.0
E177T,,102.0
E177V,1.0,214.0
E177W,,48.0
E177X,59.0,35.0
E177Y,,75.0
R178A,1.0,38.0
R178C,,33.0
R178D,,
R178E,,5.0
R178F,,5.0
R178G,,9.0
R178H,,46.0
R178I,,
R178K,,11.0
R178L,,48.0
R178M,,9.0
R178N,,19.0
R178P,,
R178Q,1.0,46.0
R178R,1.0,170.0
R178S,,65.0
R178T,,
R178V,1.0,
R178W,,6.0
R178X,,
R178Y,,1.0
D179A,13.0,
D179C,5.0,
D179D,3.0,74.0
D179E,44.0,3.0
D179F,10.0,
D179G,5.0,5.0
D179H,45.0,1.0
D179I,77.0,13.0
D179K,33.0,1.0
D179L,56.0,
D179M,19.0,
D179N,2.0,1.0
D179P,46.0,
D179Q,18.0,
D179R,123.0,1.0
D179S,6.0,
D179T,100.0,
D179V,188.0,2.0
D179W,18.0,
D179X,,
D179Y,2.0,
T180A,14.0,5.0
T180C,3.0,19.0
T180D,8.0,2.0
T180E,10.0,
T180F,2.0,
T180G,7.0,
T180H,12.0,3.0
T180I,4.0,
T180K,1.0,1.0
T180L,8.0,
T180M,,
T180N,1.0,
T180P,8.0,
T180Q,,
T180R,35.0,1.0
T180S,10.0,345.0
T180T,23.0,243.0
T180V,1.0,10.0
T180W,71.0,
T180X,49.0,
T180Y,6.0,
T181A,10.0,2.0
T181C,,
T181D,5.0,
T181E,2.0,
T181F,,
T181G,155.0,
T181H,1.0,
T181I,63.0,
T181K,1.0,1.0
T181L,252.0,
T181M,71.0,1.0
T181N,3.0,
T181P,7.0,
T181Q,1.0,1.0
T181R,2.0,
T181S,37.0,162.0
T181T,5.0,164.0
T181V,2.0,
T181W,,
T181X,4.0,
T181Y,,
M182A,,55.0
M182C,,41.0
M182D,1.0,15.0
M182E,,30.0
M182F,,16.0
M182G,1.0,95.0
M182H,,15.0
M182I,1.0,77.0
M182K,1.0,72.0
M182L,1.0,116.0
M182M,,
M182N,,28.0
M182P,,
M182Q,1.0,40.0
M182R,4.0,188.0
M182S,,79.0
M182T,,60.0
M182V,,101.0
M182W,,30.0
M182X,14.0,2.0
M182Y,,11.0
P183A,,45.0
P183C,,39.0
P183D,1.0,
P183E,,
P183F,,
P183G,,
P183H,82.0,1.0
P183I,,
P183K,2.0,
P183L,5.0,6.0
P183M,,
P183N,109.0,
P183P,7.0,144.0
P183Q,,1.0
P183R,1.0,8.0
P183S,1.0,5.0
P183T,22.0,25.0
P183V,1.0,50.0
P183W,,
P183X,2.0,
P183Y,1.0,1.0
A184A,2.0,104.0
A184C,,27.0
A184D,,32.0
A184E,,42.0
A184F,,22.0
A184G,,77.0
A184H,,27.0
A184I,,12.0
A184K,,43.0
A184L,,15.0
A184M,,
A184N,,11.0
A184P,,7.0
A184Q,,13.0
A184R,1.0,53.0
A184S,,48.0
A184T,,51.0
A184V,,78.0
A184W,,5.0
A184X,16.0,1.0
A184Y,,7.0
A185A,,162.0
A185C,,12.0
A185D,,27.0
A185E,1.0,76.0
A185F,,8.0
A185G,2.0,81.0
A185H,,52.0
A185I,,61.0
A185K,,25.0
A185L,2.0,11.0
A185M,,11.0
A185N,,44.0
A185P,,27.0
A185Q,,58.0
A185R,,145.0
A185S,1.0,128.0
A185T,,99.0
A185V,2.0,216.0
A185W,,5.0
A185X,7.0,
A185Y,,27.0
M186A,,5.0
M186C,,
M186D,,
M186E,27.0,
M186F,,5.0
M186G,1.0,
M186H,,
M186I,1.0,31.0
M186K,16.0,1.0
M186L,2.0,29.0
M186M,,
M186N,2.0,
M186P,,
M186Q,,
M186R,,2.0
M186S,,
M186T,1.0,3.0
M186V,5.0,40.0
M186W,12.0,
M186X,2.0,2.0
M186Y,,1.0
A187A,2.0,111.0
A187C,,4.0
A187D,1.0,
A187E,2.0,
A187F,,
A187G,,50.0
A187H,,
A187I,,
A187K,,
A187L,3.0,
A187M,,
A187N,6.0,
A187P,1.0,
A187Q,39.0,
A187R,,2.0
A187S,,26.0
A187T,2.0,9.0
A187V,1.0,5.0
A187W,,
A187X,,
A187Y,,
T188A,1.0,125.0
T188C,,
T188D,,27.0
T188E,,11.0
T188F,,5.0
T188G,,40.0
T188H,,27.0
T188I,2.0,80.0
T188K,,29.0
T188L,3.0,31.0
T188M,,5.0
T188N,1.0,38.0
T188P,,36.0
T188Q,,41.0
T188R,4.0,109.0
T188S,,107.0
T188T,,146.0
T188V,1.0,54.0
T188W,,
T188X,7.0,
T188Y,1.0,22.0
T189A,,74.0
T189C,,17.0
T189D,,8.0
T189E,,
T189F,,
T189G,1.0,52.0
T189H,,
T189I,,35.0
T189K,68.0,3.0
T189L,,34.0
T189M,,47.0
T189N,2.0,24.0
T189P,3.0,6.0
T189Q,2.0,1.0
T189R,77.0,15.0
T189S,3.0,113.0
T189T,2.0,105.0
T189V,1.0,42.0
T189W,6.0,
T189X,15.0,
T189Y,2.0,
L190A,1.0,57.0
L190C,1.0,76.0
L190D,14.0,
L190E,76.0,
L190F,2.0,59.0
L190G,1.0,1.0
L190H,,1.0
L190I,,34.0
L190K,59.0,
L190L,7.0,144.0
L190M,,44.0
L190N,,
L190P,2.0,
L190Q,,
L190R,4.0,10.0
L190S,,30.0
L190T,,84.0
L190V,9.0,138.0
L190W,,
L190X,50.0,6.0
L190Y,2.0,25.0
R191A,,63.0
R191C,,95.0
R191D,,28.0
R191E,,27.0
R191F,,31.0
R191G,1.0,110.0
R191H,,76.0
R191I,2.0,13.0
R191K,,28.0
R191L,,70.0
R191M,,3.0
R191N,1.0,23.0
R191P,1.0,3.0
R191Q,,28.0
R191R,5.0,144.0
R191S,,149.0
R191T,,58.0
R191V,,43.0
R191W,,16.0
R191X,,3.0
R191Y,,24.0
K192A,,16.0
K192C,,15.0
K192D,,3.0
K192E,,57.0
K192F,,5.0
K192G,,53.0
K192H,,7.0
K192I,,14.0
K192K,,23.0
K192L,,37.0
K192M,,1.0
K192N,,29.0
K192P,,
K192Q,,9.0
K192R,,35.0
K192S,,35.0
K192T,,20.0
K192V,1.0,35.0
K192W,,7.0
K192X,1.0,35.0
K192Y,,25.0
L193A,,
L193C,,8.0
L193D,14.0,
L193E,,
L193F,,10.0
L193G,6.0,
L193H,,1.0
L193I,4.0,46.0
L193K,19.0,
L193L,5.0,126.0
L193M,,20.0
L193N,1.0,
L193P,1.0,
L193Q,7.0,2.0
L193R,1.0,1.0
L193S,3.0,
L193T,,2.0
L193V,,45.0
L193W,,
L193X,61.0,
L193Y,,6.0
L194A,,2.0
L194C,,14.0
L194D,17.0,
L194E,1.0,
L194F,,47.0
L194G,,
L194H,,
L194I,,3.0
L194K,1.0,
L194L,2.0,26.0
L194M,,6.0
L194N,,
L194P,,
L194Q,,
L194R,48.0,
L194S,,
L194T,,5.0
L194V,5.0,30.0
L194W,,
L194X,7.0,
L194Y,,5.0
T195A,,20.0
T195C,,1.0
T195D,,16.0
T195E,,5.0
T195F,,11.0
T195G,,19.0
T195H,,10.0
T195I,,12.0
T195K,,
T195L,,24.0
T195M,,6.0
T195N,,22.0
T195P,35.0,
T195Q,,4.0
T195R,,24.0
T195S,,39.0
T195T,1.0,49.0
T195V,,10.0
T195W,,6.0
T195X,,
T195Y,,2.0
G196A,,37.0
G196C,,29.0
G196D,,35.0
G196E,,27.0
G196F,,5.0
G196G,,109.0
G196H,,3.0
G196I,,
G196K,,8.0
G196L,,30.0
G196M,,2.0
G196N,,7.0
G196P,,19.0
G196Q,,5.0
G196R,,39.0
G196S,2.0,58.0
G196T,,13.0
G196V,,23.0
G196W,,3.0
G196X,,
G196Y,,5.0
E197A,,6.0
E197C,,2.0
E197D,,11.0
E197E,,11.0
E197F,,
E197G,,40.0
E197H,,8.0
E197I,,
E197K,,20.0
E197L,,
E197M,,
E197N,,4.0
E197P,,2.0
E197Q,,21.0
E197R,,34.0
E197S,,7.0
E197T,,8.0
E197V,,6.0
E197W,,
E197X,,
E197Y,,1.0
L198A,,11.0
L198C,,3.0
L198D,,16.0
L198E,,19.0
L198F,,6.0
L198G,,29.0
L198H,,8.0
L198I,,13.0
L198K,,3.0
L198L,4.0,69.0
L198M,,33.0
L198N,,
L198P,,46.0
L198Q,,11.0
L198R,,77.0
L198S,,27.0
L198T,,14.0
L198V,,86.0
L198W,,11.0
L198X,10.0,4.0
L198Y,,6.0
L199A,,
L199C,,
L199D,,
L199E,,
L199F,,3.0
L199G,,
L199H,,1.0
L199I,,38.0
L199K,,
L199L,1.0,137.0
L199M,,10.0
L199N,,
L199P,,2.0
L199Q,,
L199R,2.0,4.0
L199S,,1.0
L199T,,
L199V,,1.0
L199W,,2.0
L199X,1.0,
L199Y,,
T200A,,137.0
T200C,,36.0
T200D,,39.0
T200E,,15.0
T200F,,2.0
T200G,,69.0
T200H,,34.0
T200I,,19.0
T200K,,25.0
T200L,1.0,63.0
T200M,,10.0
T200N,1.0,55.0
T200P,,7.0
T200Q,,31.0
T200R,,144.0
T200S,,132.0
T200T,1.0,198.0
T200V,,29.0
T200W,,
T200X,,4.0
T200Y,,4.0
L201A,,4.0
L201C,,3.0
L201D,,
L201E,,4.0
L201F,,10.0
L201G,,2.0
L201H,,6.0
L201I,1.0,1.0
L201K,,2.0
L201L,,15.0
L201M,,
L201N,,8.0
L201P,,11.0
L201Q,,12.0
L201R,1.0,21.0
L201S,,7.0
L201T,,25.0
L201V,,15.0
L201W,,
L201X,1.0,
L201Y,,
A202A,,151.0
A202C,,76.0
A202D,1.0,88.0
A202E,,43.0
A202F,,14.0
A202G,,170.0
A202H,,19.0
A202I,,45.0
A202K,,41.0
A202L,,77.0
A202M,,31.0
A202N,,9.0
A202P,,90.0
A202Q,,28.0
A202R,,146.0
A202S,,129.0
A202T,,117.0
A202V,,153.0
A202W,,16.0
A202X,,7.0
A202Y,,15.0
S203A,,29.0
S203C,,
S203D,4.0,2.0
S203E,2.0,5.0
S203F,,
S203G,,29.0
S203H,,4.0
S203I,,
S203K,,4.0
S203L,,
S203M,,
S203N,,6.0
S203P,,
S203Q,,
S203R,,2.0
S203S,,54.0
S203T,,18.0
S203V,,
S203W,,
S203X,1.0,2.0
S203Y,,2.0
R204A,,66.0
R204C,,5.0
R204D,,7.0
R204E,,13.0
R204F,1.0,2.0
R204G,,29.0
R204H,,2.0
R204I,,
R204K,,9.0
R204L,,1.0
R204M,,
R204N,,
R204P,22.0,4.0
R204Q,1.0,21.0
R204R,4.0,80.0
R204S,,52.0
R204T,,11.0
R204V,,19.0
R204W,,3.0
R204X,,6.0
R204Y,,
Q205A,,72.0
Q205C,,
Q205D,,35.0
Q205E,,16.0
Q205F,,5.0
Q205G,,19.0
Q205H,,9.0
Q205I,,35.0
Q205K,,18.0
Q205L,,89.0
Q205M,,8.0
Q205N,,18.0
Q205P,,6.0
Q205Q,,10.0
Q205R,,92.0
Q205S,,56.0
Q205T,1.0,14.0
Q205V,,13.0
Q205W,1.0,
Q205X,3.0,11.0
Q205Y,,5.0
Q206A,,15.0
Q206C,,2.0
Q206D,,16.0
Q206E,,29.0
Q206F,,4.0
Q206G,,
Q206H,,38.0
Q206I,,20.0
Q206K,,32.0
Q206L,,47.0
Q206M,,4.0
Q206N,,6.0
Q206P,,13.0
Q206Q,,44.0
Q206R,,73.0
Q206S,,14.0
Q206T,,14.0
Q206V,,69.0
Q206W,,
Q206X,1.0,10.0
Q206Y,,15.0
L207A,,
L207C,1.0,1.0
L207D,,
L207E,,7.0
L207F,,3.0
L207G,7.0,
L207H,6.0,
L207I,,18.0
L207K,,
L207L,1.0,70.0
L207M,,
L207N,11.0,
L207P,,
L207Q,,
L207R,,
L207S,41.0,1.0
L207T,,
L207V,6.0,2.0
L207W,8.0,1.0
L207X,20.0,
L207Y,3.0,5.0
I208A,,8.0
I208C,,5.0
I208D,,1.0
I208E,,13.0
I208F,,11.0
I208G,,30.0
I208H,,3.0
I208I,,32.0
I208K,,25.0
I208L,,39.0
I208M,,39.0
I208N,,12.0
I208P,4.0,
I208Q,,40.0
I208R,,58.0
I208S,,57.0
I208T,1.0,36.0
I208V,,37.0
I208W,,6.0
I208X,,
I208Y,,10.0
D209A,,36.0
D209C,,8.0
D209D,,32.0
D209E,1.0,37.0
D209F,,6.0
D209G,,77.0
D209H,,7.0
D209I,,33.0
D209K,,10.0
D209L,,26.0
D209M,,13.0
D209N,,15.0
D209P,,6.0
D209Q,,4.0
D209R,7.0,46.0
D209S,,21.0
D209T,,25.0
D209V,,36.0
D209W,,6.0
D209X,1.0,1.0
D209Y,,13.0
W210A,1.0,2.0
W210C,1.0,2.0
W210D,,
W210E,,
W210F,,3.0
W210G,21.0,23.0
W210H,1.0,
W210I,,1.0
W210K,49.0,
W210L,,
W210M,,21.0
W210N,,1.0
W210P,8.0,
W210Q,,1.0
W210R,74.0,4.0
W210S,,11.0
W210T,,2.0
W210V,1.0,16.0
W210W,,
W210X,38.0,17.0
W210Y,,
M211A,,
M211C,,
M211D,,
M211E,5.0,
M211F,,1.0
M211G,,1.0
M211H,,
M211I,2.0,2.0
M211K,3.0,
M211L,,11.0
M211M,,
M211N,1.0,
M211P,,
M211Q,,
M211R,,
M211S,,9.0
M211T,,1.0
M211V,8.0,3.0
M211W,,
M211X,1.0,
M211Y,7.0,
E212A,1.0,38.0
E212C,,26.0
E212D,,15.0
E212E,,22.0
E212F,,18.0
E212G,,25.0
E212H,,11.0
E212I,,11.0
E212K,,19.0
E212L,,4.0
E212M,1.0,12.0
E212N,,26.0
E212P,14.0,
E212Q,,9.0
E212R,,15.0
E212S,,54.0
E212T,,18.0
E212V,,27.0
E212W,,
E212X,,3.0
E212Y,,10.0
A213A,,36.0
A213C,,18.0
A213D,,2.0
A213E,,18.0
A213F,,7.0
A213G,,100.0
A213H,,9.0
A213I,,3.0
A213K,,22.0
A213L,,13.0
A213M,,12.0
A213N,,
A213P,,
A213Q,,28.0
A213R,,77.0
A213S,,65.0
A213T,1.0,38.0
A213V,,42.0
A213W,,9.0
A213X,1.0,
A213Y,,8.0
D214A,,1.0
D214C,,
D214D,,23.0
D214E,,3.0
D214F,,
D214G,,39.0
D214H,2.0,3.0
D214I,,5.0
D214K,,
D214L,,2.0
D214M,,2.0
D214N,1.0,28.0
D214P,,
D214Q,,3.0
D214R,,
D214S,,12.0
D214T,,
D214V,5.0,3.0
D214W,,
D214X,,
D214Y,,1.0
K215A,,18.0
K215C,,22.0
K215D,,5.0
K215E,,46.0
K215F,,16.0
K215G,,26.0
K215H,,32.0
K215I,,106.0
K215K,,53.0
K215L,,80.0
K215M,,10.0
K215N,1.0,56.0
K215P,,
K215Q,,40.0
K215R,,82.0
K215S,,79.0
K215T,,65.0
K215V,,49.0
K215W,,1.0
K215X,2.0,27.0
K215Y,,28.0
V216A,,65.0
V216C,,
V216D,,12.0
V216E,,2.0
V216F,,1.0
V216G,,
V216H,,2.0
V216I,,15.0
V216K,,2.0
V216L,,27.0
V216M,,
V216N,,6.0
V216P,,
V216Q,,8.0
V216R,,11.0
V216S,,20.0
V216T,,54.0
V216V,1.0,80.0
V216W,,
V216X,,1.0
V216Y,,
A217A,,133.0
A217C,,
A217D,,21.0
A217E,,1.0
A217F,,3.0
A217G,,112.0
A217H,,1.0
A217I,,2.0
A217K,3.0,
A217L,,11.0
A217M,,
A217N,,
A217P,2.0,4.0
A217Q,,
A217R,,2.0
A217S,,133.0
A217T,,21.0
A217V,1.0,6.0
A217W,,2.0
A217X,,7.0
A217Y,,3.0
G218A,,27.0
G218C,,8.0
G218D,,20.0
G218E,,11.0
G218F,,1.0
G218G,1.0,154.0
G218H,,2.0
G218I,,2.0
G218K,,1.0
G218L,,14.0
G218M,,16.0
G218N,,
G218P,,
G218Q,,2.0
G218R,,97.0
G218S,3.0,30.0
G218T,,8.0
G218V,,18.0
G218W,,43.0
G218X,1.0,7.0
G218Y,,5.0
P219A,,44.0
P219C,,2.0
P219D,,18.0
P219E,,26.0
P219F,,4.0
P219G,,28.0
P219H,,40.0
P219I,,5.0
P219K,,1.0
P219L,,160.0
P219M,,6.0
P219N,,6.0
P219P,3.0,197.0
P219Q,,64.0
P219R,,161.0
P219S,,94.0
P219T,,144.0
P219V,,23.0
P219W,,
P219X,,
P219Y,,6.0
L220A,2.0,5.0
L220C,,
L220D,,
L220E,,4.0
L220F,1.0,3.0
L220G,,1.0
L220H,4.0,4.0
L220I,,1.0
L220K,2.0,10.0
L220L,1.0,208.0
L220M,,70.0
L220N,1.0,3.0
L220P,,5.0
L220Q,,10.0
L220R,2.0,99.0
L220S,1.0,12.0
L220T,,2.0
L220V,3.0,2.0
L220W,,4.0
L220X,36.0,
L220Y,1.0,9.0
L221A,,3.0
L221C,,1.0
L221D,,2.0
L221E,,5.0
L221F,,43.0
L221G,10.0,19.0
L221H,1.0,5.0
L221I,,103.0
L221K,,2.0
L221L,1.0,203.0
L221M,,99.0
L221N,,2.0
L221P,1.0,5.0
L221Q,,3.0
L221R,2.0,9.0
L221S,6.0,4.0
L221T,1.0,8.0
L221V,,173.0
L221W,,2.0
L221X,,
L221Y,1.0,4.0
R222A,,
R222C,,1.0
R222D,1.0,3.0
R222E,,3.0
R222F,,3.0
R222G,,
R222H,5.0,2.0
R222I,,4.0
R222K,,1.0
R222L,11.0,9.0
R222M,,
R222N,,
R222P,1.0,14.0
R222Q,,1.0
R222R,,203.0
R222S,3.0,3.0
R222T,,3.0
R222V,,2.0
R222W,3.0,2.0
R222X,71.0,
R222Y,,4.0
S223A,,346.0
S223C,,120.0
S223D,,152.0
S223E,1.0,195.0
S223F,,74.0
S223G,,243.0
S223H,1.0,107.0
S223I,2.0,108.0
S223K,,149.0
S223L,,424.0
S223M,,46.0
S223N,,86.0
S223P,1.0,256.0
S223Q,,145.0
S223R,1.0,466.0
S223S,,256.0
S223T,1.0,407.0
S223V,1.0,304.0
S223W,,57.0
S223X,2.0,65.0
S223Y,,92.0
A224A,,198.0
A224C,,44.0
A224D,1.0,78.0
A224E,,64.0
A224F,,23.0
A224G,,221.0
A224H,,56.0
A224I,,55.0
A224K,,42.0
A224L,,31.0
A224M,,11.0
A224N,,32.0
A224P,,114.0
A224Q,,53.0
A224R,,93.0
A224S,,177.0
A224T,,136.0
A224V,1.0,137.0
A224W,,1.0
A224X,1.0,6.0
A224Y,,66.0
L225A,,173.0
L225C,,81.0
L225D,25.0,28.0
L225E,2.0,12.0
L225F,1.0,9.0
L225G,6.0,9.0
L225H,2.0,10.0
L225I,,234.0
L225K,,15.0
L225L,5.0,439.0
L225M,,63.0
L225N,,5.0
L225P,3.0,33.0
L225Q,,1.0
L225R,4.0,17.0
L225S,1.0,65.0
L225T,,231.0
L225V,5.0,227.0
L225W,1.0,2.0
L225X,21.0,2.0
L225Y,,23.0
P226A,,5.0
P226C,,
P226D,,4.0
P226E,6.0,4.0
P226F,,2.0
P226G,3.0,44.0
P226H,,4.0
P226I,,4.0
P226K,,21.0
P226L,3.0,10.0
P226M,,1.0
P226N,,20.0
P226P,1.0,163.0
P226Q,1.0,2.0
P226R,1.0,10.0
P226S,,31.0
P226T,,31.0
P226V,1.0,3.0
P226W,,2.0
P226X,1.0,15.0
P226Y,,
A227A,1.0,108.0
A227C,,75.0
A227D,,108.0
A227E,,32.0
A227F,,25.0
A227G,,132.0
A227H,,21.0
A227I,,33.0
A227K,,6.0
A227L,,81.0
A227M,,1.0
A227N,,36.0
A227P,,88.0
A227Q,,9.0
A227R,,128.0
A227S,,109.0
A227T,,68.0
A227V,,124.0
A227W,,
A227X,1.0,
A227Y,,19.0
G228A,2.0,151.0
G228C,,54.0
G228D,,132.0
G228E,,89.0
G228F,,
G228G,,213.0
G228H,,31.0
G228I,,4.0
G228K,,55.0
G228L,1.0,
G228M,,3.0
G228N,,29.0
G228P,,6.0
G228Q,,24.0
G228R,2.0,185.0
G228S,,207.0
G228T,,62.0
G228V,,8.0
G228W,,
G228X,2.0,11.0
G228Y,,10.0
W229A,,5.0
W229C,2.0,6.0
W229D,13.0,
W229E,32.0,
W229F,,5.0
W229G,2.0,23.0
W229H,,4.0
W229I,4.0,2.0
W229K,1.0,
W229L,42.0,4.0
W229M,,
W229N,31.0,2.0
W229P,,
W229Q,19.0,
W229R,65.0,12.0
W229S,2.0,4.0
W229T,4.0,9.0
W229V,1.0,13.0
W229W,,
W229X,10.0,2.0
W229Y,1.0,1.0
F230A,,82.0
F230C,,21.0
F230D,,4.0
F230E,,1.0
F230F,,10.0
F230G,,4.0
F230H,,2.0
F230I,,36.0
F230K,,8.0
F230L,,20.0
F230M,,17.0
F230N,,1.0
F230P,28.0,
F230Q,,
F230R,5.0,15.0
F230S,,29.0
F230T,,17.0
F230V,,65.0
F230W,,2.0
F230X,11.0,2.0
F230Y,,36.0
I231A,,
I231C,,26.0
I231D,10.0,3.0
I231E,2.0,8.0
I231F,,3.0
I231G,10.0,11.0
I231H,,7.0
I231I,1.0,36.0
I231K,,10.0
I231L,1.0,32.0
I231M,,26.0
I231N,1.0,8.0
I231P,,
I231Q,,2.0
I231R,25.0,21.0
I231S,2.0,6.0
I231T,,4.0
I231V,2.0,130.0
I231W,,5.0
I231X,8.0,
I231Y,,2.0
A232A,1.0,73.0
A232C,,13.0
A232D,,
A232E,33.0,
A232F,,6.0
A232G,3.0,61.0
A232H,16.0,1.0
A232I,,3.0
A232K,8.0,
A232L,,
A232M,,2.0
A232N,30.0,
A232P,1.0,
A232Q,1.0,5.0
A232R,9.0,9.0
A232S,3.0,2.0
A232T,2.0,6.0
A232V,,1.0
A232W,,
A232X,3.0,
A232Y,,1.0
D233A,,5.0
D233C,1.0,
D233D,,24.0
D233E,,14.0
D233F,1.0,
D233G,,4.0
D233H,,1.0
D233I,,1.0
D233K,,
D233L,7.0,
D233M,,
D233N,,2.0
D233P,,1.0
D233Q,,
D233R,1.0,4.0
D233S,,1.0
D233T,,
D233V,,43.0
D233W,,2.0
D233X,,7.0
D233Y,,
K234A,73.0,1.0
K234C,25.0,
K234D,14.0,
K234E,21.0,8.0
K234F,,
K234G,23.0,
K234H,3.0,
K234I,30.0,1.0
K234K,13.0,55.0
K234L,1.0,
K234M,,
K234N,142.0,1.0
K234P,,
K234Q,4.0,
K234R,,2.0
K234S,88.0,
K234T,101.0,
K234V,52.0,1.0
K234W,,
K234X,12.0,
K234Y,3.0,
S235A,1.0,28.0
S235C,,6.0
S235D,,
S235E,48.0,1.0
S235F,50.0,2.0
S235G,,48.0
S235H,16.0,
S235I,19.0,
S235K,27.0,
S235L,,13.0
S235M,,
S235N,4.0,1.0
S235P,1.0,5.0
S235Q,6.0,2.0
S235R,30.0,
S235S,3.0,74.0
S235T,6.0,39.0
S235V,3.0,3.0
S235W,,2.0
S235X,17.0,1.0
S235Y,3.0,4.0
G236A,3.0,77.0
G236C,,
G236D,,
G236E,61.0,1.0
G236F,16.0,
G236G,1.0,108.0
G236H,,
G236I,,
G236K,,
G236L,63.0,2.0
G236M,,
G236N,14.0,2.0
G236P,,
G236Q,17.0,
G236R,5.0,2.0
G236S,1.0,22.0
G236T,11.0,
G236V,6.0,4.0
G236W,,
G236X,,
G236Y,4.0,4.0
A237A,7.0,62.0
A237C,,
A237D,,33.0
A237E,,5.0
A237F,1.0,5.0
A237G,1.0,67.0
A237H,2.0,4.0
A237I,,
A237K,,6.0
A237L,,7.0
A237M,,
A237N,,
A237P,1.0,
A237Q,,
A237R,1.0,12.0
A237S,,56.0
A237T,,11.0
A237V,,13.0
A237W,21.0,2.0
A237X,5.0,3.0
A237Y,,1.0
G238A,,50.0
G238C,1.0,1.0
G238D,2.0,2.0
G238E,10.0,7.0
G238F,2.0,5.0
G238G,9.0,100.0
G238H,,
G238I,,7.0
G238K,65.0,1.0
G238L,14.0,11.0
G238M,,
G238N,8.0,3.0
G238P,,
G238Q,,1.0
G238R,129.0,
G238S,7.0,9.0
G238T,,
G238V,22.0,25.0
G238W,8.0,
G238X,2.0,
G238Y,7.0,3.0
E240A,,136.0
E240C,,62.0
E240D,,165.0
E240E,2.0,58.0
E240F,,1.0
E240G,2.0,127.0
E240H,,17.0
E240I,,37.0
E240K,1.0,96.0
E240L,34.0,74.0
E240M,,16.0
E240N,,40.0
E240P,,28.0
E240Q,,54.0
E240R,,148.0
E240S,,64.0
E240T,,54.0
E240V,,186.0
E240W,,27.0
E240X,19.0,8.0
E240Y,,42.0
R241A,,203.0
R241C,2.0,198.0
R241D,,16.0
R241E,,74.0
R241F,,129.0
R241G,2.0,322.0
R241H,,232.0
R241I,,95.0
R241K,,149.0
R241L,,627.0
R241M,,27.0
R241N,,98.0
R241P,,196.0
R241Q,,164.0
R241R,8.0,472.0
R241S,1.0,532.0
R241T,1.0,185.0
R241V,1.0,206.0
R241W,,48.0
R241X,91.0,6.0
R241Y,1.0,193.0
G242A,15.0,2.0
G242C,11.0,
G242D,2.0,31.0
G242E,60.0,35.0
G242F,1.0,10.0
G242G,22.0,231.0
G242H,,1.0
G242I,64.0,1.0
G242K,1.0,25.0
G242L,209.0,5.0
G242M,,21.0
G242N,1.0,1.0
G242P,139.0,1.0
G242Q,1.0,6.0
G242R,33.0,91.0
G242S,3.0,2.0
G242T,3.0,18.0
G242V,348.0,9.0
G242W,92.0,11.0
G242X,4.0,1.0
G242Y,1.0,4.0
S243A,4.0,326.0
S243C,2.0,83.0
S243D,,5.0
S243E,,106.0
S243F,2.0,7.0
S243G,,280.0
S243H,5.0,
S243I,146.0,23.0
S243K,53.0,11.0
S243L,4.0,98.0
S243M,1.0,
S243N,,31.0
S243P,53.0,71.0
S243Q,,11.0
S243R,14.0,75.0
S243S,22.0,317.0
S243T,12.0,113.0
S243V,12.0,56.0
S243W,78.0,2.0
S243X,90.0,5.0
S243Y,14.0,18.0
R244A,,2.0
R244C,,2.0
R244D,1.0,18.0
R244E,,8.0
R244F,,17.0
R244G,,4.0
R244H,1.0,9.0
R244I,,3.0
R244K,4.0,
R244L,5.0,7.0
R244M,,
R244N,,
R244P,,
R244Q,,
R244R,1.0,220.0
R244S,,12.0
R244T,,
R244V,,8.0
R244W,,9.0
R244X,7.0,5.0
R244Y,,18.0
G245A,2.0,170.0
G245C,3.0,12.0
G245D,114.0,2.0
G245E,244.0,1.0
G245F,,
G245G,21.0,264.0
G245H,1.0,21.0
G245I,2.0,
G245K,,
G245L,1.0,
G245M,4.0,3.0
G245N,,8.0
G245P,1.0,
G245Q,4.0,29.0
G245R,1.0,2.0
G245S,9.0,108.0
G245T,2.0,47.0
G245V,242.0,12.0
G245W,,
G245X,81.0,
G245Y,2.0,
I246A,15.0,11.0
I246C,,69.0
I246D,3.0,34.0
I246E,2.0,4.0
I246F,,3.0
I246G,437.0,6.0
I246H,,28.0
I246I,1.0,159.0
I246K,2.0,
I246L,1.0,249.0
I246M,7.0,30.0
I246N,3.0,30.0
I246P,3.0,
I246Q,,7.0
I246R,3.0,
I246S,9.0,86.0
I246T,1.0,29.0
I246V,37.0,292.0
I246W,,
I246X,81.0,3.0
I246Y,1.0,1.0
I247A,,36.0
I247C,,118.0
I247D,6.0,3.0
I247E,193.0,7.0
I247F,,13.0
I247G,14.0,68.0
I247H,275.0,1.0
I247I,9.0,133.0
I247K,4.0,1.0
I247L,2.0,327.0
I247M,7.0,38.0
I247N,11.0,20.0
I247P,15.0,
I247Q,220.0,4.0
I247R,1.0,1.0
I247S,1.0,18.0
I247T,6.0,33.0
I247V,9.0,314.0
I247W,,1.0
I247X,1.0,1.0
I247Y,8.0,32.0
A248A,,131.0
A248C,,37.0
A248D,2.0,
A248E,1.0,1.0
A248F,,3.0
A248G,,163.0
A248H,,
A248I,,6.0
A248K,1.0,
A248L,1.0,1.0
A248M,,
A248N,81.0,
A248P,1.0,
A248Q,150.0,2.0
A248R,1.0,
A248S,2.0,176.0
A248T,2.0,
A248V,,2.0
A248W,27.0,6.0
A248X,3.0,
A248Y,21.0,14.0
A249A,,196.0
A249C,,83.0
A249D,,9.0
A249E,,3.0
A249F,,65.0
A249G,,11.0
A249H,,
A249I,,110.0
A249K,,1.0
A249L,,144.0
A249M,,24.0
A249N,,1.0
A249P,22.0,
A249Q,,
A249R,3.0,42.0
A249S,,198.0
A249T,1.0,225.0
A249V,1.0,310.0
A249W,,2.0
A249X,,9.0
A249Y,,76.0
L250A,2.0,
L250C,,3.0
L250D,,
L250E,2.0,5.0
L250F,3.0,
L250G,69.0,
L250H,53.0,
L250I,,34.0
L250K,1.0,
L250L,6.0,83.0
L250M,,47.0
L250N,,
L250P,78.0,7.0
L250Q,12.0,9.0
L250R,13.0,8.0
L250S,1.0,16.0
L250T,1.0,3.0
L250V,5.0,42.0
L250W,,3.0
L250X,21.0,2.0
L250Y,,
G251A,,4.0
G251C,,3.0
G251D,,8.0
G251E,18.0,
G251F,,
G251G,5.0,108.0
G251H,,
G251I,,
G251K,,7.0
G251L,9.0,
G251M,6.0,
G251N,,3.0
G251P,,
G251Q,1.0,
G251R,4.0,31.0
G251S,,2.0
G251T,65.0,
G251V,37.0,1.0
G251W,1.0,6.0
G251X,,
G251Y,1.0,
P252A,4.0,121.0
P252C,,
P252D,,16.0
P252E,,13.0
P252F,,
P252G,,2.0
P252H,,27.0
P252I,,4.0
P252K,,39.0
P252L,4.0,5.0
P252M,,19.0
P252N,,31.0
P252P,1.0,191.0
P252Q,,133.0
P252R,,234.0
P252S,1.0,139.0
P252T,13.0,121.0
P252V,1.0,3.0
P252W,1.0,
P252X,,
P252Y,,
D254A,1.0,159.0
D254C,,109.0
D254D,,53.0
D254E,,154.0
D254F,,52.0
D254G,1.0,227.0
D254H,,60.0
D254I,,135.0
D254K,,78.0
D254L,,153.0
D254M,,72.0
D254N,,90.0
D254P,,69.0
D254Q,,32.0
D254R,,243.0
D254S,,227.0
D254T,,134.0
D254V,1.0,216.0
D254W,,55.0
D254X,47.0,
D254Y,1.0,97.0
G255A,,155.0
G255C,3.0,87.0
G255D,,89.0
G255E,,85.0
G255F,,15.0
G255G,2.0,259.0
G255H,,26.0
G255I,,17.0
G255K,,38.0
G255L,,75.0
G255M,,35.0
G255N,,47.0
G255P,,29.0
G255Q,,15.0
G255R,,202.0
G255S,,167.0
G255T,,42.0
G255V,,63.0
G255W,1.0,24.0
G255X,60.0,2.0
G255Y,,44.0
K256A,,70.0
K256C,,42.0
K256D,,26.0
K256E,3.0,69.0
K256F,,21.0
K256G,,118.0
K256H,,31.0
K256I,,74.0
K256K,,70.0
K256L,,88.0
K256M,,91.0
K256N,9.0,104.0
K256P,,
K256Q,,88.0
K256R,,226.0
K256S,,188.0
K256T,,123.0
K256V,,81.0
K256W,,22.0
K256X,5.0,52.0
K256Y,,67.0
P257A,2.0,93.0
P257C,,13.0
P257D,,19.0
P257E,,2.0
P257F,,35.0
P257G,,33.0
P257H,14.0,78.0
P257I,,75.0
P257K,,13.0
P257L,,119.0
P257M,,
P257N,,29.0
P257P,2.0,141.0
P257Q,,31.0
P257R,,95.0
P257S,2.0,121.0
P257T,6.0,126.0
P257V,1.0,36.0
P257W,,1.0
P257X,5.0,5.0
P257Y,,25.0
S258A,1.0,164.0
S258C,,44.0
S258D,,43.0
S258E,,131.0
S258F,,75.0
S258G,1.0,148.0
S258H,,29.0
S258I,,45.0
S258K,,36.0
S258L,,112.0
S258M,,22.0
S258N,,56.0
S258P,,30.0
S258Q,,44.0
S258R,,134.0
S258S,,148.0
S258T,,128.0
S258V,,152.0
S258W,,19.0
S258X,9.0,12.0
S258Y,,117.0
R259A,,1.0
R259C,2.0,
R259D,36.0,
R259E,,
R259F,,
R259G,,7.0
R259H,,
R259I,,
R259K,,31.0
R259L,,1.0
R259M,,
R259N,2.0,1.0
R259P,,
R259Q,9.0,6.0
R259R,3.0,89.0
R259S,,9.0
R259T,,
R259V,,
R259W,38.0,
R259X,,4.0
R259Y,,1.0
I260A,,
I260C,,2.0
I260D,2.0,
I260E,11.0,8.0
I260F,3.0,7.0
I260G,,15.0
I260H,4.0,
I260I,1.0,52.0
I260K,,
I260L,6.0,104.0
I260M,5.0,5.0
I260N,87.0,4.0
I260P,,1.0
I260Q,70.0,
I260R,1.0,
I260S,70.0,31.0
I260T,,17.0
I260V,,123.0
I260W,7.0,
I260X,,
I260Y,,1.0
V261A,,1.0
V261C,,2.0
V261D,4.0,1.0
V261E,2.0,3.0
V261F,,1.0
V261G,154.0,3.0
V261H,20.0,1.0
V261I,,45.0
V261K,3.0,
V261L,1.0,39.0
V261M,,
V261N,6.0,8.0
V261P,,
V261Q,17.0,
V261R,,1.0
V261S,,1.0
V261T,,1.0
V261V,9.0,55.0
V261W,,6.0
V261X,1.0,2.0
V261Y,,
V262A,,20.0
V262C,,1.0
V262D,19.0,
V262E,,
V262F,,2.0
V262G,,1.0
V262H,,
V262I,,
V262K,,
V262L,,
V262M,,
V262N,,
V262P,,
V262Q,,
V262R,,
V262S,,2.0
V262T,1.0,
V262V,3.0,22.0
V262W,,
V262X,,
V262Y,2.0,
I263A,,1.0
I263C,,9.0
I263D,1.0,
I263E,2.0,
I263F,,2.0
I263G,46.0,3.0
I263H,11.0,1.0
I263I,1.0,44.0
I263K,1.0,
I263L,1.0,89.0
I263M,,12.0
I263N,14.0,
I263P,,
I263Q,18.0,
I263R,1.0,
I263S,22.0,15.0
I263T,,
I263V,3.0,89.0
I263W,,
I263X,,
I263Y,,
Y264A,,10.0
Y264C,9.0,2.0
Y264D,,
Y264E,10.0,
Y264F,,17.0
Y264G,21.0,1.0
Y264H,19.0,9.0
Y264I,,26.0
Y264K,8.0,
Y264L,,72.0
Y264M,,
Y264N,81.0,
Y264P,,
Y264Q,,1.0
Y264R,,
Y264S,,8.0
Y264T,,1.0
Y264V,,8.0
Y264W,,4.0
Y264X,64.0,1.0
Y264Y,4.0,30.0
T265A,,23.0
T265C,,
T265D,10.0,
T265E,,
T265F,,1.0
T265G,,1.0
T265H,,
T265I,,22.0
T265K,,
T265L,,5.0
T265M,,14.0
T265N,,
T265P,,1.0
T265Q,,5.0
T265R,,
T265S,,20.0
T265T,,50.0
T265V,,8.0
T265W,,2.0
T265X,,
T265Y,,
T266A,,61.0
T266C,,8.0
T266D,,3.0
T266E,,17.0
T266F,,1.0
T266G,,
T266H,,1.0
T266I,,18.0
T266K,,68.0
T266L,,1.0
T266M,,16.0
T266N,,3.0
T266P,26.0,8.0
T266Q,,9.0
T266R,,46.0
T266S,,52.0
T266T,1.0,25.0
T266V,,1.0
T266W,,3.0
T266X,8.0,
T266Y,,4.0
G267A,,7.0
G267C,,
G267D,,13.0
G267E,,10.0
G267F,,
G267G,1.0,23.0
G267H,,1.0
G267I,,
G267K,,
G267L,,2.0
G267M,,3.0
G267N,,
G267P,,
G267Q,,3.0
G267R,,7.0
G267S,,14.0
G267T,,
G267V,,2.0
G267W,,3.0
G267X,,
G267Y,,
S268A,,5.0
S268C,,20.0
S268D,,
S268E,1.0,
S268F,,
S268G,,18.0
S268H,,
S268I,,1.0
S268K,2.0,
S268L,,
S268M,,
S268N,,18.0
S268P,,
S268Q,,
S268R,1.0,2.0
S268S,,28.0
S268T,,18.0
S268V,,
S268W,,
S268X,9.0,2.0
S268Y,,1.0
Q269A,,29.0
Q269C,,12.0
Q269D,,22.0
Q269E,,38.0
Q269F,,12.0
Q269G,,31.0
Q269H,1.0,25.0
Q269I,,16.0
Q269K,,21.0
Q269L,4.0,98.0
Q269M,,18.0
Q269N,,18.0
Q269P,,48.0
Q269Q,,29.0
Q269R,,121.0
Q269S,,27.0
Q269T,,40.0
Q269V,,41.0
Q269W,,24.0
Q269X,2.0,9.0
Q269Y,,16.0
A270A,,123.0
A270C,,30.0
A270D,,29.0
A270E,,47.0
A270F,,2.0
A270G,1.0,94.0
A270H,,40.0
A270I,,4.0
A270K,,43.0
A270L,,30.0
A270M,,9.0
A270N,,16.0
A270P,,3.0
A270Q,,42.0
A270R,,65.0
A270S,1.0,71.0
A270T,,75.0
A270V,,97.0
A270W,,
A270X,16.0,
A270Y,,3.0
T271A,,114.0
T271C,1.0,42.0
T271D,,46.0
T271E,,19.0
T271F,,12.0
T271G,,92.0
T271H,3.0,51.0
T271I,,122.0
T271K,1.0,61.0
T271L,,82.0
T271M,,19.0
T271N,,143.0
T271P,1.0,54.0
T271Q,,20.0
T271R,2.0,124.0
T271S,,167.0
T271T,1.0,133.0
T271V,,52.0
T271W,,
T271X,3.0,
T271Y,,27.0
M272A,,54.0
M272C,,
M272D,,1.0
M272E,,3.0
M272F,,63.0
M272G,,28.0
M272H,,46.0
M272I,1.0,145.0
M272K,,13.0
M272L,1.0,101.0
M272M,,
M272N,,10.0
M272P,,17.0
M272Q,,39.0
M272R,1.0,29.0
M272S,,71.0
M272T,,70.0
M272V,,94.0
M272W,,16.0
M272X,1.0,2.0
M272Y,,37.0
D273A,1.0,94.0
D273C,2.0,84.0
D273D,,19.0
D273E,,68.0
D273F,,52.0
D273G,,166.0
D273H,1.0,54.0
D273I,1.0,70.0
D273K,,57.0
D273L,,190.0
D273M,,43.0
D273N,,71.0
D273P,,37.0
D273Q,,38.0
D273R,,182.0
D273S,,163.0
D273T,,83.0
D273V,,153.0
D273W,,15.0
D273X,1.0,
D273Y,,61.0
E274A,,43.0
E274C,,10.0
E274D,,23.0
E274E,,8.0
E274F,,4.0
E274G,,79.0
E274H,,6.0
E274I,,28.0
E274K,,28.0
E274L,,43.0
E274M,,19.0
E274N,,5.0
E274P,,
E274Q,,41.0
E274R,1.0,50.0
E274S,,28.0
E274T,,27.0
E274V,,72.0
E274W,,
E274X,10.0,16.0
E274Y,,4.0
R275A,,32.0
R275C,2.0,17.0
R275D,2.0,3.0
R275E,,1.0
R275F,,
R275G,,18.0
R275H,,4.0
R275I,,19.0
R275K,,
R275L,,52.0
R275M,,
R275N,,1.0
R275P,,2.0
R275Q,,42.0
R275R,,78.0
R275S,,32.0
R275T,,47.0
R275V,,59.0
R275W,,
R275X,,1.0
R275Y,,1.0
N276A,,
N276C,,
N276D,,14.0
N276E,,1.0
N276F,,
N276G,,
N276H,,
N276I,4.0,1.0
N276K,,6.0
N276L,,3.0
N276M,,1.0
N276N,,1.0
N276P,6.0,
N276Q,,
N276R,,1.0
N276S,,5.0
N276T,,15.0
N276V,,
N276W,,1.0
N276X,17.0,1.0
N276Y,5.0,5.0
R277A,,10.0
R277C,,
R277D,,10.0
R277E,,3.0
R277F,,
R277G,,32.0
R277H,,
R277I,,8.0
R277K,,6.0
R277L,,4.0
R277M,,4.0
R277N,,4.0
R277P,,
R277Q,,8.0
R277R,,13.0
R277S,,23.0
R277T,,6.0
R277V,1.0,4.0
R277W,,1.0
R277X,,1.0
R277Y,,
Q278A,,12.0
Q278C,,2.0
Q278D,,
Q278E,,2.0
Q278F,,
Q278G,,25.0
Q278H,,4.0
Q278I,,5.0
Q278K,,3.0
Q278L,,29.0
Q278M,,
Q278N,,
Q278P,,
Q278Q,,14.0
Q278R,,29.0
Q278S,,9.0
Q278T,,1.0
Q278V,,3.0
Q278W,,2.0
Q278X,,3.0
Q278Y,,8.0
I279A,1.0,16.0
I279C,,
I279D,5.0,
I279E,40.0,
I279F,1.0,19.0
I279G,90.0,1.0
I279H,5.0,4.0
I279I,5.0,22.0
I279K,1.0,
I279L,2.0,48.0
I279M,,23.0
I279N,27.0,1.0
I279P,,
I279Q,39.0,
I279R,,
I279S,126.0,1.0
I279T,3.0,3.0
I279V,2.0,56.0
I279W,,2.0
I279X,,
I279Y,,
A280A,1.0,81.0
A280C,,11.0
A280D,,7.0
A280E,,6.0
A280F,,3.0
A280G,,41.0
A280H,,13.0
A280I,,10.0
A280K,,4.0
A280L,,11.0
A280M,,
A280N,,22.0
A280P,39.0,7.0
A280Q,,2.0
A280R,,49.0
A280S,,17.0
A280T,,50.0
A280V,,34.0
A280W,,2.0
A280X,1.0,
A280Y,,10.0
E281A,,113.0
E281C,,4.0
E281D,,28.0
E281E,,18.0
E281F,,13.0
E281G,,127.0
E281H,,5.0
E281I,,23.0
E281K,,17.0
E281L,1.0,42.0
E281M,,3.0
E281N,,41.0
E281P,,3.0
E281Q,,14.0
E281R,,88.0
E281S,,51.0
E281T,,39.0
E281V,,61.0
E281W,,
E281X,10.0,1.0
E281Y,,8.0
I282A,1.0,2.0
I282C,,
I282D,2.0,
I282E,1.0,
I282F,2.0,
I282G,,
I282H,,
I282I,1.0,28.0
I282K,,1.0
I282L,1.0,77.0
I282M,,38.0
I282N,,
I282P,,
I282Q,7.0,
I282R,1.0,
I282S,72.0,1.0
I282T,3.0,5.0
I282V,,66.0
I282W,,4.0
I282X,,
I282Y,46.0,1.0
G283A,,26.0
G283C,,4.0
G283D,12.0,
G283E,2.0,1.0
G283F,,
G283G,,71.0
G283H,,
G283I,,
G283K,4.0,
G283L,,
G283M,,
G283N,,1.0
G283P,4.0,
G283Q,,
G283R,33.0,
G283S,,43.0
G283T,,1.0
G283V,1.0,8.0
G283W,,
G283X,,
G283Y,,
A284A,1.0,81.0
A284C,,12.0
A284D,,43.0
A284E,,24.0
A284F,,4.0
A284G,,59.0
A284H,,21.0
A284I,,9.0
A284K,,7.0
A284L,,32.0
A284M,,1.0
A284N,,22.0
A284P,24.0,5.0
A284Q,,8.0
A284R,1.0,43.0
A284S,,45.0
A284T,,45.0
A284V,,61.0
A284W,,11.0
A284X,,
A284Y,,8.0
S285A,,39.0
S285C,,31.0
S285D,,3.0
S285E,,26.0
S285F,,
S285G,,18.0
S285H,,14.0
S285I,,35.0
S285K,,7.0
S285L,,46.0
S285M,,8.0
S285N,,14.0
S285P,,6.0
S285Q,,22.0
S285R,,27.0
S285S,,43.0
S285T,,38.0
S285V,,23.0
S285W,,4.0
S285X,2.0,11.0
S285Y,,7.0
L286A,,23.0
L286C,,70.0
L286D,24.0,1.0
L286E,,
L286F,,23.0
L286G,,2.0
L286H,1.0,12.0
L286I,,24.0
L286K,,4.0
L286L,2.0,95.0
L286M,1.0,10.0
L286N,,3.0
L286P,35.0,4.0
L286Q,1.0,1.0
L286R,244.0,3.0
L286S,,
L286T,,50.0
L286V,3.0,107.0
L286W,,6.0
L286X,11.0,1.0
L286Y,2.0,1.0
I287A,,41.0
I287C,2.0,30.0
I287D,22.0,2.0
I287E,,
I287F,,31.0
I287G,3.0,2.0
I287H,,1.0
I287I,,50.0
I287K,,
I287L,,63.0
I287M,,12.0
I287N,,3.0
I287P,,2.0
I287Q,,2.0
I287R,,1.0
I287S,2.0,14.0
I287T,4.0,105.0
I287V,1.0,89.0
I287W,,1.0
I287X,11.0,
I287Y,,30.0
K288A,,49.0
K288C,,22.0
K288D,,13.0
K288E,,29.0
K288F,,1.0
K288G,,19.0
K288H,,5.0
K288I,,38.0
K288K,,14.0
K288L,,15.0
K288M,,20.0
K288N,,26.0
K288P,,1.0
K288Q,1.0,24.0
K288R,,115.0
K288S,,58.0
K288T,,53.0
K288V,,53.0
K288W,,22.0
K288X,,22.0
K288Y,,2.0
H289A,,60.0
H289C,,31.0
H289D,,2.0
H289E,,14.0
H289F,,9.0
H289G,,33.0
H289H,,43.0
H289I,4.0,1.0
H289K,,25.0
H289L,1.0,105.0
H289M,,18.0
H289N,,44.0
H289P,1.0,10.0
H289Q,,88.0
H289R,,118.0
H289S,1.0,60.0
H289T,,25.0
H289V,,43.0
H289W,,1.0
H289X,6.0,9.0
H289Y,1.0,30.0
W290A,2.0,
W290C,47.0,3.0
W290D,,
W290E,,1.0
W290F,,1.0
W290G,27.0,22.0
W290H,,
W290I,,3.0
W290K,,1.0
W290L,,1.0
W290M,,7.0
W290N,,
W290P,,2.0
W290Q,,1.0
W290R,1.0,15.0
W290S,22.0,5.0
W290T,26.0,3.0
W290V,4.0,13.0
W290W,,
W290X,2.0,9.0
W290Y,,4.0
X291A,,
X291C,,15.0
X291D,,7.0
X291E,,3.0
X291F,,4.0
X291G,,19.0
X291H,,
X291I,,
X291K,,2.0
X291L,,4.0
X291M,,
X291N,,7.0
X291P,,2.0
X291Q,,
X291R,,10.0
X291S,,2.0
X291T,,17.0
X291V,6.0,17.0
X291W,,
X291X,1.0,4.0
X291Y,,5.0
